#{"t_start": 1754090419.815753, "env_id": "None"}
r,l,t
10.0,25,2.860083
10.0,25,2.862089
10.0,25,2.862089
-12.678212,25,2.862089
0.0,25,2.97942
0.0,25,2.97942
0.0,25,2.97942
-36.77444,25,2.97942
0.0,25,3.088145
0.0,25,3.088145
0.0,25,3.088145
0.0,25,3.088145
0.0,25,3.20225
0.0,25,3.20225
0.0,25,3.20225
-17.433107,25,3.20225
0.0,25,3.318221
0.0,25,3.318221
0.0,25,3.318221
-9.018091,25,3.318221
0.0,25,3.478104
0.0,25,3.478104
0.0,25,3.478104
-0.004558571,25,3.478104
0.0,25,3.661348
0.0,25,3.661348
0.0,25,3.661348
-57.08136,25,3.661348
20.0,25,3.81271
20.0,25,3.81271
20.0,25,3.81271
-20.0,25,3.814737
20.0,25,3.918439
20.0,25,3.918439
20.0,25,3.918439
-20.0,25,3.918439
0.0,25,4.042298
0.0,25,4.057994
0.0,25,4.057994
-26.903584,25,4.057994
0.0,25,4.182251
0.0,25,4.182251
0.0,25,4.182251
-8.099457,25,4.182251
0.0,25,4.288346
0.0,25,4.288346
0.0,25,4.288346
-36.822193,25,4.288346
0.0,25,4.381042
0.0,25,4.38205
0.0,25,4.38205
0.0,25,4.38205
0.0,25,4.504143
0.0,25,4.504143
0.0,25,4.504143
-1.6871581,25,4.504143
0.0,25,4.635338
0.0,25,4.636333
0.0,25,4.636333
-21.743196,25,4.636333
10.0,25,4.810109
10.0,25,4.810109
10.0,25,4.810109
-33.039677,25,4.810109
0.0,25,4.923531
0.0,25,4.923531
0.0,25,4.923531
-0.22356784,25,4.923531
0.0,25,5.110045
0.0,25,5.110045
0.0,25,5.110045
-3.6249003,25,5.110045
0.0,25,5.306187
0.0,25,5.306187
0.0,25,5.306187
-7.2725773,25,5.306187
0.0,25,5.506476
0.0,25,5.506476
0.0,25,5.506476
0.0,25,5.506476
0.0,25,5.681322
0.0,25,5.681322
0.0,25,5.681322
0.0,25,5.681322
0.0,25,5.828403
0.0,25,5.828403
0.0,25,5.828403
-10.320055,25,5.828403
0.0,25,5.955047
0.0,25,5.955047
0.0,25,5.955047
-0.9746276,25,5.955047
0.0,25,6.058103
0.0,25,6.058103
0.0,25,6.058103
-1.0226624,25,6.058103
0.0,25,6.16988
0.0,25,6.16988
0.0,25,6.16988
-76.43733,25,6.16988
0.0,25,6.312519
0.0,25,6.312519
0.0,25,6.312519
0.0,25,6.312519
0.0,25,6.43707
0.0,25,6.43707
0.0,25,6.43707
-50.06961,25,6.43807
0.0,25,6.571946
0.0,25,6.571946
0.0,25,6.571946
0.0,25,6.571946
10.0,25,6.686603
10.0,25,6.686603
10.0,25,6.688112
-10.0,25,6.688112
30.0,25,6.844534
30.0,25,6.844534
30.0,25,6.844534
-31.903927,25,6.844534
0.0,25,6.969978
0.0,25,6.969978
0.0,25,6.969978
0.0,25,6.969978
0.0,25,7.095556
0.0,25,7.095556
0.0,25,7.095556
0.0,25,7.095556
0.0,25,7.209612
0.0,25,7.209612
0.0,25,7.209612
-17.685442,25,7.209612
0.0,25,7.323003
0.0,25,7.323003
0.0,25,7.323003
-41.31662,25,7.323003
0.0,25,7.425669
0.0,25,7.425669
0.0,25,7.426667
0.0,25,7.426667
30.0,25,7.560031
30.0,25,7.560031
30.0,25,7.560031
-30.0,25,7.560031
0.0,25,7.698325
0.0,25,7.698325
0.0,25,7.698325
-42.14743,25,7.698325
0.0,25,7.800272
0.0,25,7.800272
0.0,25,7.800272
-30.419315,25,7.800272
0.0,25,7.889791
0.0,25,7.889791
0.0,25,7.889791
-18.35267,25,7.889791
10.0,25,8.0282
10.0,25,8.028763
10.0,25,8.028763
-24.86265,25,8.028763
0.0,25,8.152896
0.0,25,8.152896
0.0,25,8.152896
-46.114532,25,8.152896
0.0,25,8.248208
0.0,25,8.248208
0.0,25,8.248208
0.0,25,8.248208
0.0,25,8.377995
0.0,25,8.377995
0.0,25,8.377995
0.0,25,8.377995
0.0,25,8.495752
0.0,25,8.495752
0.0,25,8.495752
-0.60010284,25,8.495752
0.0,25,8.59801
0.0,25,8.59801
0.0,25,8.59801
-0.66636837,25,8.59801
0.0,25,8.701154
0.0,25,8.701154
0.0,25,8.701154
0.0,25,8.701154
0.0,25,8.8184
0.0,25,8.8184
0.0,25,8.8184
0.0,25,8.8184
0.0,25,8.922607
0.0,25,8.922607
0.0,25,8.922607
-37.64116,25,8.922607
0.0,25,9.038127
0.0,25,9.038127
0.0,25,9.038127
0.0,25,9.038127
0.0,25,9.155313
0.0,25,9.155313
0.0,25,9.155313
0.0,25,9.155313
0.0,25,9.28006
0.0,25,9.28006
0.0,25,9.28006
-5.0310082,25,9.28006
0.0,25,9.390274
0.0,25,9.390274
0.0,25,9.390274
-39.07387,25,9.390274
0.0,25,9.508011
0.0,25,9.508011
0.0,25,9.508011
-20.72843,25,9.508011
20.0,25,9.643219
20.0,25,9.643219
20.0,25,9.643219
-32.205635,25,9.643219
0.0,25,9.760074
0.0,25,9.760074
0.0,25,9.760074
0.0,25,9.760074
0.0,25,9.864408
0.0,25,9.864408
0.0,25,9.864408
0.0,25,9.864408
0.0,25,10.008193
0.0,25,10.008193
0.0,25,10.008193
-2.0280643,25,10.008193
10.0,25,10.152873
10.0,25,10.152873
10.0,25,10.152873
-10.769487,25,10.152873
10.0,25,10.303201
10.0,25,10.303201
10.0,25,10.303201
-10.0,25,10.303201
0.0,25,10.449051
0.0,25,10.449051
0.0,25,10.449051
-53.927917,25,10.449051
0.0,25,10.566149
0.0,25,10.566149
0.0,25,10.566149
0.0,25,10.566149
30.0,25,10.678426
30.0,25,10.678426
30.0,25,10.678426
-30.0,25,10.678426
0.0,25,10.798047
0.0,25,10.798047
0.0,25,10.799907
0.0,25,10.799907
0.0,25,10.937264
0.0,25,10.937264
0.0,25,10.937264
0.0,25,10.937264
30.0,25,11.054445
30.0,25,11.054445
30.0,25,11.054445
-41.636444,25,11.054445
20.0,25,11.177996
20.0,25,11.177996
20.0,25,11.177996
-25.359364,25,11.177996
0.0,25,11.303431
0.0,25,11.303431
0.0,25,11.303431
-0.39215332,25,11.303431
0.0,25,11.444159
0.0,25,11.444159
0.0,25,11.444159
-11.627889,25,11.444159
20.0,25,11.558141
20.0,25,11.558141
20.0,25,11.558141
-45.97125,25,11.558141
10.0,25,11.688476
10.0,25,11.69054
10.0,25,11.69054
-103.680016,25,11.69054
0.0,25,11.830737
0.0,25,11.830737
0.0,25,11.830737
-20.488443,25,11.830737
0.0,25,11.955323
0.0,25,11.955323
0.0,25,11.955323
-19.010767,25,11.955323
0.0,25,12.080434
0.0,25,12.080434
0.0,25,12.080434
0.0,25,12.080434
0.0,25,12.205044
0.0,25,12.205044
0.0,25,12.205044
-34.790745,25,12.205044
30.0,25,12.33021
30.0,25,12.33021
30.0,25,12.33021
-34.537518,25,12.33021
0.0,25,12.442994
0.0,25,12.442994
0.0,25,12.442994
-15.074631,25,12.442994
0.0,25,12.606071
0.0,25,12.606071
0.0,25,12.606071
-67.495804,25,12.606071
40.0,25,12.75036
40.0,25,12.75036
40.0,25,12.75036
-62.011925,25,12.75036
0.0,25,12.875239
0.0,25,12.877252
0.0,25,12.877252
0.0,25,12.877252
0.0,25,13.003484
0.0,25,13.003484
0.0,25,13.003484
0.0,25,13.003484
0.0,25,13.118128
0.0,25,13.118128
0.0,25,13.118128
-26.371292,25,13.118128
0.0,25,25.560039
0.0,25,25.560039
0.0,25,25.560039
-53.9878,25,25.560039
0.0,25,25.68807
0.0,25,25.690017
0.0,25,25.690017
0.0,25,25.690017
0.0,25,25.824424
0.0,25,25.824424
0.0,25,25.824424
-37.46183,25,25.824424
0.0,25,25.935578
0.0,25,25.935578
0.0,25,25.935578
0.0,25,25.935578
0.0,25,26.092656
0.0,25,26.092656
0.0,25,26.092656
-12.309955,25,26.092656
0.0,25,26.218278
0.0,25,26.218278
0.0,25,26.218278
0.0,25,26.218278
0.0,25,26.364365
0.0,25,26.364917
0.0,25,26.364917
-7.761094,25,26.364917
0.0,25,26.528317
0.0,25,26.528317
0.0,25,26.530367
0.0,25,26.530367
0.0,25,26.694387
0.0,25,26.694387
0.0,25,26.694387
0.0,25,26.694387
0.0,25,26.874166
0.0,25,26.874166
0.0,25,26.874166
-24.42984,25,26.874166
0.0,25,27.050209
0.0,25,27.050209
0.0,25,27.050209
0.0,25,27.050209
0.0,25,27.220322
0.0,25,27.223008
0.0,25,27.223008
0.0,25,27.223008
0.0,25,27.459538
0.0,25,27.459538
0.0,25,27.459538
-1.3959355,25,27.460481
0.0,25,27.749336
0.0,25,27.749336
0.0,25,27.749336
-0.7137941,25,27.749336
20.0,25,27.964178
20.0,25,27.964178
20.0,25,27.964178
-20.595,25,27.965193
0.0,25,28.330426
0.0,25,28.330426
0.0,25,28.330426
0.0,25,28.330426
0.0,25,28.573103
0.0,25,28.573103
0.0,25,28.573103
-34.187748,25,28.573103
0.0,25,28.917006
0.0,25,28.917006
0.0,25,28.917006
-1.8193973,25,28.917006
0.0,25,29.180366
0.0,25,29.180366
0.0,25,29.180366
0.0,25,29.180366
0.0,25,29.382349
0.0,25,29.382349
0.0,25,29.382349
-0.69337404,25,29.382349
0.0,25,29.552709
0.0,25,29.552709
0.0,25,29.552709
-12.107733,25,29.552709
0.0,25,29.700092
0.0,25,29.700092
0.0,25,29.700092
0.0,25,29.700092
0.0,25,29.826406
0.0,25,29.826406
0.0,25,29.826406
0.0,25,29.826406
0.0,25,30.021698
0.0,25,30.021698
0.0,25,30.021698
0.0,25,30.021698
0.0,25,30.158463
0.0,25,30.158463
0.0,25,30.158463
0.0,25,30.158463
20.0,25,30.353098
20.0,25,30.353098
20.0,25,30.353098
-20.0,25,30.353098
0.0,25,30.57275
0.0,25,30.57275
0.0,25,30.57275
-2.8022623,25,30.57275
0.0,25,30.770101
0.0,25,30.770101
0.0,25,30.770101
0.0,25,30.770101
0.0,25,30.92828
0.0,25,30.92828
0.0,25,30.92828
0.0,25,30.92828
0.0,25,31.120017
0.0,25,31.120017
0.0,25,31.120017
-21.940704,25,31.120017
0.0,25,31.232968
0.0,25,31.232968
0.0,25,31.232968
-35.553432,25,31.232968
0.0,25,31.345064
0.0,25,31.345064
0.0,25,31.345064
-50.43244,25,31.345064
0.0,25,31.458295
0.0,25,31.458295
0.0,25,31.458295
0.0,25,31.458295
30.0,25,31.564359
30.0,25,31.564359
30.0,25,31.564359
-80.513855,25,31.564359
0.0,25,31.672401
0.0,25,31.672401
0.0,25,31.672401
0.0,25,31.672401
0.0,25,31.786864
0.0,25,31.786864
0.0,25,31.786864
0.0,25,31.786864
0.0,25,31.872018
0.0,25,31.872018
0.0,25,31.872018
-51.26019,25,31.872018
0.0,25,31.970137
0.0,25,31.970137
0.0,25,31.970137
0.0,25,31.970137
40.0,25,32.046182
40.0,25,32.053997
40.0,25,32.053997
-45.689495,25,32.053997
0.0,25,32.316502
0.0,25,32.316502
0.0,25,32.316502
-14.623517,25,32.316502
0.0,25,32.685077
0.0,25,32.685077
0.0,25,32.685077
0.0,25,32.685077
0.0,25,33.158273
0.0,25,33.158273
0.0,25,33.158273
0.0,25,33.158273
40.0,25,33.378237
40.0,25,33.378237
40.0,25,33.378237
-40.0,25,33.378237
0.0,25,33.564979
0.0,25,33.564979
0.0,25,33.564979
0.0,25,33.564979
0.0,25,33.742457
0.0,25,33.742457
0.0,25,33.742457
0.0,25,33.74397
0.0,25,33.938282
0.0,25,33.938282
0.0,25,33.938282
-8.843618,25,33.938282
0.0,25,34.130539
0.0,25,34.130539
0.0,25,34.130539
0.0,25,34.130539
0.0,25,34.335117
0.0,25,34.335117
0.0,25,34.335117
0.0,25,34.335117
30.0,25,34.656033
30.0,25,34.658046
30.0,25,34.658046
-30.0,25,34.658046
0.0,25,35.002541
0.0,25,35.002541
0.0,25,35.002541
0.0,25,35.002541
10.0,25,35.21847
10.0,25,35.21847
10.0,25,35.21847
-10.0,25,35.21847
0.0,25,35.365555
0.0,25,35.365555
0.0,25,35.365555
0.0,25,35.365555
0.0,25,35.502526
0.0,25,35.502526
0.0,25,35.502526
0.0,25,35.502526
10.0,25,35.632852
10.0,25,35.632852
10.0,25,35.632852
-10.0,25,35.632852
0.0,25,35.751266
0.0,25,35.751266
0.0,25,35.751266
-62.15443,25,35.751266
0.0,25,35.868194
0.0,25,35.868194
0.0,25,35.868194
-6.9804807,25,35.868194
0.0,25,35.990152
0.0,25,35.990152
0.0,25,35.990152
-17.993202,25,35.990152
0.0,25,36.104436
0.0,25,36.104436
0.0,25,36.104436
-5.7634873,25,36.104436
0.0,25,36.223041
0.0,25,36.223041
0.0,25,36.223041
0.0,25,36.223041
0.0,25,36.358442
0.0,25,36.358442
0.0,25,36.358442
-44.161644,25,36.358442
0.0,25,36.563884
0.0,25,36.563884
0.0,25,36.563884
-52.27143,25,36.563884
0.0,25,36.878326
0.0,25,36.878326
0.0,25,36.878326
-35.179245,25,36.878326
0.0,25,37.038102
0.0,25,37.038102
0.0,25,37.038102
0.0,25,37.038102
0.0,25,37.168268
0.0,25,37.168268
0.0,25,37.168268
-31.832064,25,37.168268
0.0,25,37.272241
0.0,25,37.272241
0.0,25,37.274272
-8.645116,25,37.274272
0.0,25,37.407163
0.0,25,37.407163
0.0,25,37.407163
-14.187514,25,37.407163
0.0,25,37.545127
0.0,25,37.545127
0.0,25,37.545127
-24.852388,25,37.545127
0.0,25,37.667981
0.0,25,37.667981
0.0,25,37.667981
-26.596703,25,37.667981
0.0,25,37.791528
0.0,25,37.791528
0.0,25,37.791528
0.0,25,37.791528
0.0,25,37.900538
0.0,25,37.900538
0.0,25,37.900538
0.0,25,37.900538
20.0,25,38.000588
20.0,25,38.000588
20.0,25,38.000588
-41.72524,25,38.000588
0.0,25,38.130033
0.0,25,38.130033
0.0,25,38.130033
-32.731293,25,38.130033
0.0,25,38.256141
0.0,25,38.256141
0.0,25,38.256141
0.0,25,38.256141
0.0,25,38.393563
0.0,25,38.393563
0.0,25,38.393563
-53.851143,25,38.393563
0.0,25,38.512909
0.0,25,38.512909
0.0,25,38.512909
0.0,25,38.512909
0.0,25,38.635143
0.0,25,38.635143
0.0,25,38.635143
0.0,25,38.635143
0.0,25,38.764936
0.0,25,38.764936
0.0,25,38.764936
-10.298241,25,38.764936
0.0,25,38.874968
0.0,25,38.874968
0.0,25,38.874968
0.0,25,38.874968
0.0,25,38.988035
0.0,25,38.988035
0.0,25,38.988035
-62.717243,25,38.988035
20.0,25,39.100482
20.0,25,39.101991
20.0,25,39.101991
-26.119816,25,39.101991
0.0,25,39.228376
0.0,25,39.228376
0.0,25,39.228376
0.0,25,39.228376
0.0,25,39.358348
0.0,25,39.358348
0.0,25,39.358348
-23.5525,25,39.358348
0.0,25,50.582685
0.0,25,50.582685
0.0,25,50.582685
0.0,25,50.582685
0.0,25,50.650404
0.0,25,50.652448
0.0,25,50.652448
-9.976795,25,50.652448
0.0,25,50.723184
0.0,25,50.723184
0.0,25,50.723184
0.0,25,50.723184
0.0,25,50.792109
0.0,25,50.792109
0.0,25,50.792109
0.0,25,50.792109
0.0,25,50.878051
0.0,25,50.878051
0.0,25,50.878051
-17.310772,25,50.878051
0.0,25,50.962023
0.0,25,50.962023
0.0,25,50.962023
0.0,25,50.962023
10.0,25,51.066717
10.0,25,51.066717
10.0,25,51.066717
-20.937037,25,51.066717
20.0,25,51.150918
20.0,25,51.150918
20.0,25,51.15293
-20.194426,25,51.15293
0.0,25,51.232407
0.0,25,51.232407
0.0,25,51.238437
0.0,25,51.238437
0.0,25,51.328243
0.0,25,51.328752
0.0,25,51.328752
0.0,25,51.328752
0.0,25,51.40014
0.0,25,51.40014
0.0,25,51.40014
-24.102581,25,51.40014
0.0,25,51.468275
0.0,25,51.468275
0.0,25,51.468275
0.0,25,51.468275
0.0,25,51.561999
0.0,25,51.561999
0.0,25,51.561999
0.0,25,51.561999
20.0,25,51.632231
20.0,25,51.632231
20.0,25,51.632231
-24.692574,25,51.632231
0.0,25,51.71262
0.0,25,51.714641
0.0,25,51.714641
-59.08816,25,51.714641
0.0,25,51.80019
0.0,25,51.80019
0.0,25,51.80019
0.0,25,51.80019
0.0,25,51.874205
0.0,25,51.874205
0.0,25,51.874205
0.0,25,51.874205
0.0,25,51.946521
0.0,25,51.946521
0.0,25,51.946521
0.0,25,51.946521
0.0,25,52.018482
0.0,25,52.018482
0.0,25,52.018482
-50.539684,25,52.018482
0.0,25,52.111238
0.0,25,52.111238
0.0,25,52.111238
-26.241713,25,52.111238
0.0,25,52.172876
0.0,25,52.172876
0.0,25,52.172876
-2.768734,25,52.172876
0.0,25,52.238284
0.0,25,52.238284
0.0,25,52.238284
-10.366759,25,52.238284
0.0,25,52.312105
0.0,25,52.312105
0.0,25,52.312105
-16.892801,25,52.312105
0.0,25,52.403188
0.0,25,52.403188
0.0,25,52.403188
0.0,25,52.403188
0.0,25,52.468536
0.0,25,52.468536
0.0,25,52.468536
-0.9418965,25,52.468536
0.0,25,52.560215
0.0,25,52.560215
0.0,25,52.560215
-0.20558526,25,52.560215
0.0,25,52.629896
0.0,25,52.629896
0.0,25,52.629896
-0.68676335,25,52.629896
0.0,25,52.710156
0.0,25,52.710156
0.0,25,52.710156
0.0,25,52.710156
30.0,25,52.783706
30.0,25,52.783706
30.0,25,52.783706
-33.48703,25,52.783706
0.0,25,52.862023
0.0,25,52.862023
0.0,25,52.862023
0.0,25,52.862023
0.0,25,52.928294
0.0,25,52.928294
0.0,25,52.928294
0.0,25,52.928294
0.0,25,52.991683
0.0,25,52.991683
0.0,25,52.991683
-0.5763914,25,52.991683
0.0,25,53.070408
0.0,25,53.070408
0.0,25,53.070408
-6.8103666,25,53.070408
0.0,25,53.148063
0.0,25,53.148063
0.0,25,53.148063
-1.2147261,25,53.148063
0.0,25,53.253327
0.0,25,53.253327
0.0,25,53.253327
-3.6013904,25,53.253327
20.0,25,53.3485
20.0,25,53.3485
20.0,25,53.3485
-26.855652,25,53.3485
0.0,25,53.422517
0.0,25,53.422517
0.0,25,53.422517
0.0,25,53.422517
10.0,25,53.528423
10.0,25,53.528423
10.0,25,53.528423
-10.0,25,53.528423
0.0,25,53.638139
0.0,25,53.638139
0.0,25,53.638139
0.0,25,53.638139
40.0,25,53.727367
40.0,25,53.728377
40.0,25,53.728377
-41.22821,25,53.728377
50.0,25,53.828549
50.0,25,53.828549
50.0,25,53.828549
-50.0,25,53.828549
0.0,25,53.899466
0.0,25,53.899466
0.0,25,53.899466
0.0,25,53.899466
50.0,25,54.037456
50.0,25,54.037456
50.0,25,54.037456
-50.15074,25,54.037456
0.0,25,54.200352
0.0,25,54.200352
0.0,25,54.200352
-3.1258597,25,54.200352
20.0,25,54.302144
20.0,25,54.302144
20.0,25,54.302144
-40.7382,25,54.302144
10.0,25,54.402279
10.0,25,54.402279
10.0,25,54.402279
-65.93526,25,54.402279
0.0,25,54.52022
0.0,25,54.52022
0.0,25,54.52022
0.0,25,54.52022
0.0,25,54.629787
0.0,25,54.629787
0.0,25,54.629787
0.0,25,54.629787
0.0,25,54.743107
0.0,25,54.743107
0.0,25,54.743107
-12.707716,25,54.743107
0.0,25,54.863381
0.0,25,54.863381
0.0,25,54.863381
-28.483103,25,54.863381
0.0,25,55.008211
0.0,25,55.008211
0.0,25,55.008211
-0.6900892,25,55.008211
70.0,25,55.10518
70.0,25,55.10518
70.0,25,55.10518
-70.0,25,55.10518
20.0,25,55.220441
20.0,25,55.228348
20.0,25,55.228348
-20.0,25,55.228348
0.0,25,55.331004
0.0,25,55.331004
0.0,25,55.331004
0.0,25,55.331004
20.0,25,55.433187
20.0,25,55.43423
20.0,25,55.43423
-27.41412,25,55.43423
0.0,25,55.571703
0.0,25,55.571703
0.0,25,55.571703
0.0,25,55.571703
0.0,25,55.693064
0.0,25,55.693064
0.0,25,55.693064
0.0,25,55.693064
0.0,25,55.803176
0.0,25,55.803689
0.0,25,55.803689
0.0,25,55.803689
0.0,25,55.894984
0.0,25,55.894984
0.0,25,55.894984
-22.780329,25,55.894984
40.0,25,56.000136
40.0,25,56.000136
40.0,25,56.002144
-40.610683,25,56.002144
0.0,25,56.094537
0.0,25,56.094537
0.0,25,56.094537
-0.88047886,25,56.094537
0.0,25,56.187984
0.0,25,56.187984
0.0,25,56.187984
-16.248726,25,56.187984
0.0,25,56.266402
0.0,25,56.266402
0.0,25,56.266402
0.0,25,56.266402
0.0,25,56.345923
0.0,25,56.345923
0.0,25,56.345923
0.0,25,56.345923
0.0,25,56.420009
0.0,25,56.420009
0.0,25,56.420009
-5.8915954,25,56.420009
0.0,25,56.512168
0.0,25,56.513228
0.0,25,56.513228
-7.2333,25,56.513228
0.0,25,56.58828
0.0,25,56.58828
0.0,25,56.58828
-7.7997246,25,56.58828
0.0,25,56.682483
0.0,25,56.682483
0.0,25,56.682483
0.0,25,56.682483
0.0,25,56.772334
0.0,25,56.772334
0.0,25,56.772334
0.0,25,56.772334
0.0,25,56.858423
0.0,25,56.858423
0.0,25,56.858423
0.0,25,56.858423
10.0,25,56.933521
10.0,25,56.933521
10.0,25,56.933521
-10.0,25,56.933521
0.0,25,56.998212
0.0,25,56.998212
0.0,25,56.998212
0.0,25,56.998212
0.0,25,57.063222
0.0,25,57.063222
0.0,25,57.063222
0.0,25,57.063222
0.0,25,57.128268
0.0,25,57.128268
0.0,25,57.128268
0.0,25,57.128268
0.0,25,57.202843
0.0,25,57.202843
0.0,25,57.202843
-3.8589458,25,57.202843
0.0,25,57.288223
0.0,25,57.288223
0.0,25,57.288223
-9.389853,25,57.288223
0.0,25,57.372436
0.0,25,57.372436
0.0,25,57.372436
-50.634937,25,57.372436
0.0,25,57.458487
0.0,25,57.458487
0.0,25,57.458487
-12.585897,25,57.458487
0.0,25,57.529407
0.0,25,57.529407
0.0,25,57.529407
0.0,25,57.529407
20.0,25,57.618181
20.0,25,57.618181
20.0,25,57.618181
-20.0,25,57.618181
0.0,25,57.698303
0.0,25,57.698303
0.0,25,57.698303
0.0,25,57.698303
0.0,25,57.803266
0.0,25,57.803266
0.0,25,57.803266
0.0,25,57.803266
0.0,25,65.746137
0.0,25,65.746137
0.0,25,65.746137
0.0,25,65.746137
0.0,25,65.822295
0.0,25,65.822295
0.0,25,65.822295
-4.732994,25,65.822295
0.0,25,65.894003
0.0,25,65.894003
0.0,25,65.894003
0.0,25,65.894003
10.0,25,65.962129
10.0,25,65.962129
10.0,25,65.962129
-17.874414,25,65.962129
0.0,25,66.038156
0.0,25,66.038156
0.0,25,66.038156
0.0,25,66.038156
0.0,25,66.117732
0.0,25,66.117732
0.0,25,66.121467
0.0,25,66.121467
0.0,25,66.205942
0.0,25,66.205942
0.0,25,66.208451
0.0,25,66.208451
0.0,25,66.305068
0.0,25,66.305068
0.0,25,66.305068
0.0,25,66.305068
0.0,25,66.393343
0.0,25,66.393343
0.0,25,66.393343
0.0,25,66.393343
0.0,25,66.473197
0.0,25,66.473197
0.0,25,66.473197
0.0,25,66.473197
0.0,25,66.54832
0.0,25,66.54832
0.0,25,66.54832
-13.924584,25,66.54832
0.0,25,66.631753
0.0,25,66.631753
0.0,25,66.631753
0.0,25,66.631753
0.0,25,66.701167
0.0,25,66.701167
0.0,25,66.701167
-7.992374,25,66.701167
30.0,25,66.795187
30.0,25,66.795732
30.0,25,66.795732
-30.0,25,66.795732
0.0,25,66.902362
0.0,25,66.902362
0.0,25,66.902362
-1.2983056,25,66.902867
0.0,25,66.988288
0.0,25,66.988288
0.0,25,66.989827
-27.306852,25,66.989827
0.0,25,67.075774
0.0,25,67.075774
0.0,25,67.075774
-1.4326919,25,67.075774
0.0,25,67.153831
0.0,25,67.153831
0.0,25,67.153831
0.0,25,67.153831
0.0,25,67.228337
0.0,25,67.228337
0.0,25,67.228337
0.0,25,67.228337
0.0,25,67.305329
0.0,25,67.305329
0.0,25,67.305329
-53.741165,25,67.305329
0.0,25,67.382944
0.0,25,67.382944
0.0,25,67.382944
0.0,25,67.382944
30.0,25,67.461814
30.0,25,67.461814
30.0,25,67.461814
-30.0,25,67.461814
20.0,25,67.542171
20.0,25,67.542171
20.0,25,67.542171
-20.0,25,67.542171
0.0,25,67.627248
0.0,25,67.627248
0.0,25,67.627248
0.0,25,67.627248
0.0,25,67.693194
0.0,25,67.693194
0.0,25,67.693194
0.0,25,67.693194
0.0,25,67.768403
0.0,25,67.768403
0.0,25,67.768403
0.0,25,67.768403
0.0,25,67.838412
0.0,25,67.839689
0.0,25,67.839689
-36.483532,25,67.839689
30.0,25,67.908302
30.0,25,67.908302
30.0,25,67.908302
-30.0,25,67.908302
30.0,25,67.982559
30.0,25,67.982559
30.0,25,67.982559
-30.0,25,67.982559
0.0,25,68.062278
0.0,25,68.062278
0.0,25,68.062278
0.0,25,68.062278
0.0,25,68.141882
0.0,25,68.141882
0.0,25,68.141882
0.0,25,68.141882
0.0,25,68.228635
0.0,25,68.228635
0.0,25,68.228635
-38.69506,25,68.228635
0.0,25,68.304846
0.0,25,68.304846
0.0,25,68.304846
0.0,25,68.304846
20.0,25,68.372203
20.0,25,68.372203
20.0,25,68.372203
-20.340332,25,68.372203
30.0,25,68.438403
30.0,25,68.438403
30.0,25,68.438403
-47.809574,25,68.438403
0.0,25,68.509805
0.0,25,68.509805
0.0,25,68.509805
0.0,25,68.509805
0.0,25,68.573222
0.0,25,68.573222
0.0,25,68.573222
-7.4871693,25,68.573222
0.0,25,68.638219
0.0,25,68.638219
0.0,25,68.638219
0.0,25,68.638219
30.0,25,68.699946
30.0,25,68.699946
30.0,25,68.699946
-30.0,25,68.699946
0.0,25,68.785919
0.0,25,68.785919
0.0,25,68.785919
0.0,25,68.785919
0.0,25,68.868374
0.0,25,68.868374
0.0,25,68.868374
-29.59342,25,68.868374
20.0,25,68.951819
20.0,25,68.951819
20.0,25,68.951819
-21.601652,25,68.951819
0.0,25,69.055237
0.0,25,69.055237
0.0,25,69.055237
0.0,25,69.055237
30.0,25,69.162063
30.0,25,69.162063
30.0,25,69.162063
-30.0,25,69.162063
0.0,25,69.246281
0.0,25,69.246281
0.0,25,69.246281
-22.518108,25,69.246281
0.0,25,69.31802
0.0,25,69.31802
0.0,25,69.31802
0.0,25,69.31802
0.0,25,69.408252
0.0,25,69.408252
0.0,25,69.408252
0.0,25,69.408252
0.0,25,69.486276
0.0,25,69.486276
0.0,25,69.486276
-0.9809599,25,69.486276
0.0,25,69.57207
0.0,25,69.57207
0.0,25,69.57207
-13.983857,25,69.57207
0.0,25,69.650131
0.0,25,69.650131
0.0,25,69.650131
0.0,25,69.650131
0.0,25,69.742049
0.0,25,69.742049
0.0,25,69.742049
0.0,25,69.742049
0.0,25,69.819734
0.0,25,69.819734
0.0,25,69.819734
0.0,25,69.819734
0.0,25,69.900223
0.0,25,69.900223
0.0,25,69.900223
0.0,25,69.900223
0.0,25,69.964096
0.0,25,69.964096
0.0,25,69.964096
0.0,25,69.964096
0.0,25,70.056181
0.0,25,70.056181
0.0,25,70.056181
0.0,25,70.056181
0.0,25,70.150162
0.0,25,70.150162
0.0,25,70.152169
-2.1446638,25,70.152169
10.0,25,70.220753
10.0,25,70.220753
10.0,25,70.220753
-10.0,25,70.220753
10.0,25,70.31232
10.0,25,70.31232
10.0,25,70.31232
-10.0,25,70.31232
0.0,25,70.40425
0.0,25,70.40425
0.0,25,70.40425
0.0,25,70.40425
30.0,25,70.488433
30.0,25,70.488433
30.0,25,70.488433
-30.0,25,70.488433
0.0,25,70.594355
0.0,25,70.594355
0.0,25,70.594355
0.0,25,70.594355
0.0,25,70.680029
0.0,25,70.680029
0.0,25,70.680029
-12.674639,25,70.680029
0.0,25,70.751955
0.0,25,70.751955
0.0,25,70.751955
0.0,25,70.751955
0.0,25,70.824325
0.0,25,70.824325
0.0,25,70.824325
-2.6403947,25,70.824325
0.0,25,70.918239
0.0,25,70.918239
0.0,25,70.918239
0.0,25,70.918239
0.0,25,70.985824
0.0,25,70.985824
0.0,25,70.985824
0.0,25,70.985824
0.0,25,71.072155
0.0,25,71.072155
0.0,25,71.072155
0.0,25,71.072155
0.0,25,71.163144
0.0,25,71.163144
0.0,25,71.163144
0.0,25,71.163144
0.0,25,71.243461
0.0,25,71.243461
0.0,25,71.243461
-12.900033,25,71.243461
0.0,25,71.358111
0.0,25,71.358111
0.0,25,71.358111
-5.9337716,25,71.358111
0.0,25,71.44343
0.0,25,71.44343
0.0,25,71.44343
-15.647265,25,71.44343
0.0,25,71.549909
0.0,25,71.549909
0.0,25,71.549909
0.0,25,71.549909
10.0,25,71.622245
10.0,25,71.622245
10.0,25,71.622245
-15.004695,25,71.622245
0.0,25,71.688374
0.0,25,71.688374
0.0,25,71.688374
0.0,25,71.688374
0.0,25,71.775483
0.0,25,71.775483
0.0,25,71.775483
0.0,25,71.775483
0.0,25,71.852229
0.0,25,71.852229
0.0,25,71.852229
0.0,25,71.852229
0.0,25,71.922308
0.0,25,71.922308
0.0,25,71.922308
-0.09200423,25,71.922308
10.0,25,71.990851
10.0,25,71.990851
10.0,25,71.990851
-11.0869465,25,71.990851
0.0,25,72.073355
0.0,25,72.073355
0.0,25,72.073355
-49.472733,25,72.073355
0.0,25,72.140213
0.0,25,72.140213
0.0,25,72.140213
0.0,25,72.140213
0.0,25,72.223902
0.0,25,72.223902
0.0,25,72.223902
0.0,25,72.223902
0.0,25,72.308303
0.0,25,72.308303
0.0,25,72.308303
0.0,25,72.308303
0.0,25,80.033135
0.0,25,80.033135
0.0,25,80.033135
0.0,25,80.033135
0.0,25,80.112313
0.0,25,80.112313
0.0,25,80.112313
-0.5933371,25,80.112313
0.0,25,80.198276
0.0,25,80.198276
0.0,25,80.198276
0.0,25,80.198276
0.0,25,80.28194
0.0,25,80.28194
0.0,25,80.28194
-4.229339,25,80.28194
0.0,25,80.378999
0.0,25,80.378999
0.0,25,80.378999
-4.4105277,25,80.378999
10.0,25,80.476696
10.0,25,80.476696
10.0,25,80.476696
-16.972696,25,80.476696
0.0,25,80.551823
0.0,25,80.551823
0.0,25,80.551823
0.0,25,80.551823
0.0,25,80.621325
0.0,25,80.621325
0.0,25,80.621325
-0.4228219,25,80.621325
50.0,25,80.732519
50.0,25,80.732519
50.0,25,80.732519
-56.690674,25,80.732519
0.0,25,80.83189
0.0,25,80.83189
0.0,25,80.83189
-16.019978,25,80.83189
20.0,25,80.923225
20.0,25,80.923225
20.0,25,80.923225
-20.0,25,80.923225
0.0,25,81.008118
0.0,25,81.008118
0.0,25,81.008118
-4.6135073,25,81.008118
0.0,25,81.085014
0.0,25,81.085014
0.0,25,81.085014
0.0,25,81.085014
0.0,25,81.164939
0.0,25,81.164939
0.0,25,81.164939
-10.851814,25,81.164939
0.0,25,81.231961
0.0,25,81.231961
0.0,25,81.231961
0.0,25,81.231961
0.0,25,81.303756
0.0,25,81.303756
0.0,25,81.303756
-28.000185,25,81.303756
0.0,25,81.380193
0.0,25,81.380193
0.0,25,81.380193
0.0,25,81.382202
0.0,25,81.458182
0.0,25,81.458182
0.0,25,81.458182
0.0,25,81.458182
0.0,25,81.53988
0.0,25,81.53988
0.0,25,81.53988
-6.9024544,25,81.53988
0.0,25,81.62239
0.0,25,81.62239
0.0,25,81.62239
-2.612818,25,81.62239
0.0,25,81.718086
0.0,25,81.718086
0.0,25,81.718086
-1.3743068,25,81.718086
0.0,25,81.798359
0.0,25,81.798359
0.0,25,81.798359
0.0,25,81.798359
0.0,25,81.872461
0.0,25,81.872461
0.0,25,81.872461
0.0,25,81.872461
0.0,25,81.948469
0.0,25,81.948469
0.0,25,81.948469
0.0,25,81.948469
10.0,25,82.038398
10.0,25,82.038398
10.0,25,82.038398
-16.019257,25,82.038398
40.0,25,82.125157
40.0,25,82.125157
40.0,25,82.125157
-58.866623,25,82.125157
0.0,25,82.244261
0.0,25,82.244261
0.0,25,82.244261
-21.703875,25,82.244261
20.0,25,82.368079
20.0,25,82.368079
20.0,25,82.368079
-20.0,25,82.368079
0.0,25,82.479847
0.0,25,82.479847
0.0,25,82.479847
0.0,25,82.479847
0.0,25,82.592975
0.0,25,82.592975
0.0,25,82.592975
0.0,25,82.592975
0.0,25,82.693216
0.0,25,82.693216
0.0,25,82.693216
0.0,25,82.693216
30.0,25,82.788208
30.0,25,82.788208
30.0,25,82.788208
-30.555515,25,82.788208
0.0,25,82.87084
0.0,25,82.87084
0.0,25,82.87084
0.0,25,82.87084
0.0,25,82.95811
0.0,25,82.95811
0.0,25,82.95811
0.0,25,82.95811
50.0,25,83.048583
50.0,25,83.048583
50.0,25,83.048583
-50.0,25,83.048583
10.0,25,83.128054
10.0,25,83.128054
10.0,25,83.128054
-10.0,25,83.128054
0.0,25,83.215328
0.0,25,83.215328
0.0,25,83.215328
0.0,25,83.215328
20.0,25,83.298392
20.0,25,83.298392
20.0,25,83.298392
-20.087383,25,83.298392
20.0,25,83.372005
20.0,25,83.372005
20.0,25,83.372005
-20.09388,25,83.372005
0.0,25,83.460477
0.0,25,83.460477
0.0,25,83.460477
0.0,25,83.460477
60.0,25,83.568073
60.0,25,83.568073
60.0,25,83.568073
-60.35244,25,83.568073
30.0,25,83.674183
30.0,25,83.674183
30.0,25,83.674183
-30.0,25,83.674183
90.0,25,83.758053
90.0,25,83.758053
90.0,25,83.758053
-90.0,25,83.758053
0.0,25,83.841453
0.0,25,83.858203
0.0,25,83.858203
0.0,25,83.858203
20.0,25,83.940502
20.0,25,83.940502
20.0,25,83.940502
-20.0,25,83.940502
40.0,25,84.030069
40.0,25,84.030069
40.0,25,84.030069
-40.0,25,84.030069
0.0,25,84.113308
0.0,25,84.113308
0.0,25,84.113308
0.0,25,84.113308
0.0,25,84.198202
0.0,25,84.198202
0.0,25,84.198202
-3.786803,25,84.198202
0.0,25,84.30333
0.0,25,84.30333
0.0,25,84.30333
-26.450472,25,84.30333
30.0,25,84.408369
30.0,25,84.408369
30.0,25,84.408369
-30.0,25,84.408369
0.0,25,84.510772
0.0,25,84.510772
0.0,25,84.510772
-1.8118922,25,84.510772
0.0,25,84.605813
0.0,25,84.60832
0.0,25,84.60832
-13.071087,25,84.60832
0.0,25,84.705124
0.0,25,84.705124
0.0,25,84.705124
0.0,25,84.705124
0.0,25,84.798315
0.0,25,84.798315
0.0,25,84.798315
-2.818234,25,84.798315
10.0,25,84.936879
10.0,25,84.936879
10.0,25,84.936879
-16.683388,25,84.936879
0.0,25,85.062892
0.0,25,85.062892
0.0,25,85.062892
0.0,25,85.062892
0.0,25,85.163704
0.0,25,85.163704
0.0,25,85.163704
0.0,25,85.163704
30.0,25,85.258998
30.0,25,85.258998
30.0,25,85.258998
-30.0,25,85.258998
10.0,25,85.368083
10.0,25,85.368083
10.0,25,85.368083
-10.59995,25,85.368083
10.0,25,85.468316
10.0,25,85.468316
10.0,25,85.468316
-22.715929,25,85.468316
30.0,25,85.578305
30.0,25,85.578305
30.0,25,85.578305
-30.31654,25,85.578305
0.0,25,85.672469
0.0,25,85.672469
0.0,25,85.672469
0.0,25,85.672469
0.0,25,85.7648
0.0,25,85.7648
0.0,25,85.7648
0.0,25,85.7648
20.0,25,85.860543
20.0,25,85.862553
20.0,25,85.862553
-20.0,25,85.862553
0.0,25,85.950097
0.0,25,85.952114
0.0,25,85.952114
-10.978174,25,85.952114
0.0,25,86.06469
0.0,25,86.06469
0.0,25,86.06469
0.0,25,86.06469
0.0,25,86.175062
0.0,25,86.175062
0.0,25,86.175062
-7.7889166,25,86.175062
0.0,25,86.268418
0.0,25,86.268418
0.0,25,86.268418
0.0,25,86.268418
30.0,25,86.353583
30.0,25,86.353583
30.0,25,86.353583
-30.0,25,86.353583
0.0,25,86.423761
0.0,25,86.423761
0.0,25,86.425766
0.0,25,86.425766
0.0,25,86.492485
0.0,25,86.492485
0.0,25,86.492485
0.0,25,86.492485
0.0,25,86.562677
0.0,25,86.578125
0.0,25,86.578125
-9.368706,25,86.578125
0.0,25,86.650645
0.0,25,86.650645
0.0,25,86.650645
0.0,25,86.650645
10.0,25,86.722521
10.0,25,86.722521
10.0,25,86.722521
-10.299463,25,86.722521
0.0,25,86.791839
0.0,25,86.791839
0.0,25,86.791839
-35.57209,25,86.791839
0.0,25,86.872598
0.0,25,86.872598
0.0,25,86.872598
-4.543625,25,86.872598
0.0,25,86.951846
0.0,25,86.951846
0.0,25,86.951846
-1.5154206,25,86.951846
0.0,25,87.022292
0.0,25,87.024309
0.0,25,87.024309
0.0,25,87.024309
0.0,25,87.098511
0.0,25,87.098511
0.0,25,87.098511
-6.410599,25,87.098511
10.0,25,87.19959
10.0,25,87.19959
10.0,25,87.19959
-10.0,25,87.19959
20.0,25,87.278206
20.0,25,87.278206
20.0,25,87.278206
-21.920187,25,87.278206
30.0,25,87.357283
30.0,25,87.357283
30.0,25,87.357283
-30.0,25,87.357283
0.0,25,94.982267
0.0,25,94.982267
0.0,25,94.982267
0.0,25,94.982267
0.0,25,95.064274
0.0,25,95.064274
0.0,25,95.064274
0.0,25,95.064274
30.0,25,95.144494
30.0,25,95.145998
30.0,25,95.145998
-30.0,25,95.145998
0.0,25,95.2181
0.0,25,95.2181
0.0,25,95.2181
-14.375582,25,95.2181
20.0,25,95.299914
20.0,25,95.299914
20.0,25,95.299914
-20.0,25,95.299914
10.0,25,95.38172
10.0,25,95.38172
10.0,25,95.38172
-10.0,25,95.38172
0.0,25,95.462148
0.0,25,95.462148
0.0,25,95.462148
0.0,25,95.462148
30.0,25,95.531896
30.0,25,95.531896
30.0,25,95.531896
-30.0,25,95.531896
0.0,25,95.603397
0.0,25,95.603397
0.0,25,95.603397
0.0,25,95.603397
30.0,25,95.674318
30.0,25,95.674318
30.0,25,95.674318
-30.830956,25,95.674318
0.0,25,95.75352
0.0,25,95.75352
0.0,25,95.75352
0.0,25,95.75352
0.0,25,95.836223
0.0,25,95.836223
0.0,25,95.836223
-9.945474,25,95.836223
30.0,25,95.90104
30.0,25,95.90104
30.0,25,95.90104
-30.409853,25,95.90104
0.0,25,95.982253
0.0,25,95.982253
0.0,25,95.982253
-2.8987994,25,95.982253
30.0,25,96.060266
30.0,25,96.060266
30.0,25,96.060266
-30.0,25,96.060266
0.0,25,96.142499
0.0,25,96.142499
0.0,25,96.142499
-2.360712,25,96.142499
0.0,25,96.249346
0.0,25,96.249346
0.0,25,96.249346
0.0,25,96.249346
0.0,25,96.32368
0.0,25,96.32368
0.0,25,96.32368
-8.831167,25,96.32368
40.0,25,96.423307
40.0,25,96.423307
40.0,25,96.423307
-40.0,25,96.423307
0.0,25,96.502212
0.0,25,96.502212
0.0,25,96.502212
-10.468753,25,96.502212
0.0,25,96.570057
0.0,25,96.570057
0.0,25,96.570057
0.0,25,96.570057
30.0,25,96.64813
30.0,25,96.64813
30.0,25,96.64813
-30.072674,25,96.64813
20.0,25,96.736216
20.0,25,96.738228
20.0,25,96.738228
-26.641842,25,96.738228
30.0,25,96.816035
30.0,25,96.816035
30.0,25,96.816035
-30.0,25,96.816035
0.0,25,96.888416
0.0,25,96.888416
0.0,25,96.888416
0.0,25,96.888416
0.0,25,96.981925
0.0,25,96.981925
0.0,25,96.981925
0.0,25,96.981925
0.0,25,97.059292
0.0,25,97.059292
0.0,25,97.059292
-3.9699368,25,97.059292
0.0,25,97.129719
0.0,25,97.129719
0.0,25,97.129719
-2.5670304,25,97.129719
10.0,25,97.213195
10.0,25,97.213195
10.0,25,97.213195
-10.0,25,97.213195
0.0,25,97.299887
0.0,25,97.299887
0.0,25,97.299887
0.0,25,97.299887
0.0,25,97.361752
0.0,25,97.361752
0.0,25,97.361752
0.0,25,97.361752
0.0,25,97.432761
0.0,25,97.432761
0.0,25,97.432761
0.0,25,97.432761
0.0,25,97.508197
0.0,25,97.508197
0.0,25,97.508197
-8.713125,25,97.509763
100.0,25,97.588507
100.0,25,97.588507
100.0,25,97.588507
-100.0,25,97.588507
0.0,25,97.658282
0.0,25,97.658282
0.0,25,97.659834
0.0,25,97.659834
0.0,25,97.738138
0.0,25,97.738138
0.0,25,97.738138
0.0,25,97.738138
0.0,25,97.81822
0.0,25,97.81822
0.0,25,97.81822
0.0,25,97.81822
0.0,25,97.888405
0.0,25,97.888405
0.0,25,97.888405
-14.977694,25,97.888405
0.0,25,97.968436
0.0,25,97.968436
0.0,25,97.968436
-25.38126,25,97.968436
20.0,25,98.040212
20.0,25,98.040212
20.0,25,98.040212
-25.712912,25,98.040212
0.0,25,98.118088
0.0,25,98.118088
0.0,25,98.118088
-1.9498186,25,98.118088
0.0,25,98.188552
0.0,25,98.188552
0.0,25,98.188552
-0.8182596,25,98.188552
0.0,25,98.282145
0.0,25,98.282145
0.0,25,98.282145
-2.296267,25,98.282145
0.0,25,98.372319
0.0,25,98.372319
0.0,25,98.372319
0.0,25,98.372319
0.0,25,98.487493
0.0,25,98.487493
0.0,25,98.487493
-8.090293,25,98.487493
0.0,25,98.582553
0.0,25,98.582553
0.0,25,98.582553
-0.25537035,25,98.582553
0.0,25,98.690141
0.0,25,98.690141
0.0,25,98.690141
-0.72815543,25,98.690141
10.0,25,98.768448
10.0,25,98.768448
10.0,25,98.768448
-10.0,25,98.768448
0.0,25,98.892159
0.0,25,98.892159
0.0,25,98.892159
0.0,25,98.892159
0.0,25,98.973288
0.0,25,98.973288
0.0,25,98.973288
0.0,25,98.973288
0.0,25,99.055346
0.0,25,99.055346
0.0,25,99.055346
-2.1901922,25,99.055346
20.0,25,99.125724
20.0,25,99.125724
20.0,25,99.125724
-24.158495,25,99.125724
0.0,25,99.20272
0.0,25,99.20272
0.0,25,99.20272
-9.344256,25,99.20272
0.0,25,99.281877
0.0,25,99.281877
0.0,25,99.281877
-3.3472338,25,99.281877
0.0,25,99.351841
0.0,25,99.351841
0.0,25,99.351841
0.0,25,99.351841
0.0,25,99.427493
0.0,25,99.427493
0.0,25,99.427493
-3.3176389,25,99.427493
20.0,25,99.498147
20.0,25,99.498147
20.0,25,99.498147
-20.041693,25,99.498147
0.0,25,99.591924
0.0,25,99.591924
0.0,25,99.591924
-23.001488,25,99.591924
20.0,25,99.664442
20.0,25,99.664442
20.0,25,99.664442
-20.0,25,99.664442
20.0,25,99.73204
20.0,25,99.73204
20.0,25,99.73204
-20.0,25,99.73204
0.0,25,99.808322
0.0,25,99.808322
0.0,25,99.808322
0.0,25,99.808322
0.0,25,99.882206
0.0,25,99.882206
0.0,25,99.882206
0.0,25,99.882206
60.0,25,99.963943
60.0,25,99.963943
60.0,25,99.963943
-60.0,25,99.963943
20.0,25,100.062156
20.0,25,100.062156
20.0,25,100.062156
-23.350218,25,100.062156
0.0,25,100.135618
0.0,25,100.136618
0.0,25,100.136618
-1.8048148,25,100.136618
0.0,25,100.221309
0.0,25,100.221309
0.0,25,100.221309
0.0,25,100.221309
0.0,25,100.309976
0.0,25,100.309976
0.0,25,100.309976
0.0,25,100.309976
10.0,25,100.389164
10.0,25,100.389164
10.0,25,100.389164
-10.0,25,100.389164
0.0,25,100.466278
0.0,25,100.466278
0.0,25,100.466278
0.0,25,100.466278
0.0,25,100.543474
0.0,25,100.543474
0.0,25,100.543474
0.0,25,100.543474
0.0,25,100.635534
0.0,25,100.635534
0.0,25,100.635534
0.0,25,100.635534
0.0,25,100.757315
0.0,25,100.757315
0.0,25,100.757315
0.0,25,100.757315
30.0,25,100.844287
30.0,25,100.844287
30.0,25,100.844287
-30.0,25,100.844287
0.0,25,100.948087
0.0,25,100.948087
0.0,25,100.948087
-7.4120846,25,100.948087
10.0,25,101.051092
10.0,25,101.051092
10.0,25,101.051092
-18.487728,25,101.051092
40.0,25,101.128355
40.0,25,101.128355
40.0,25,101.1289
-40.0,25,101.1289
10.0,25,101.193642
10.0,25,101.193642
10.0,25,101.193642
-10.0,25,101.193642
0.0,25,101.289259
0.0,25,101.289259
0.0,25,101.290217
0.0,25,101.290217
30.0,25,101.372277
30.0,25,101.372277
30.0,25,101.372277
-30.0,25,101.372277
0.0,25,101.452552
0.0,25,101.452552
0.0,25,101.453554
-0.20541488,25,101.453554
30.0,25,101.554262
30.0,25,101.554262
30.0,25,101.554262
-30.13991,25,101.554262
0.0,25,101.61901
0.0,25,101.61901
0.0,25,101.61901
0.0,25,101.61901
0.0,25,109.076157
0.0,25,109.076157
0.0,25,109.076157
0.0,25,109.076157
0.0,25,109.162138
0.0,25,109.162138
0.0,25,109.162138
0.0,25,109.162138
0.0,25,109.24844
0.0,25,109.24844
0.0,25,109.24844
0.0,25,109.24844
0.0,25,109.353275
0.0,25,109.353275
0.0,25,109.353275
0.0,25,109.353275
0.0,25,109.455971
0.0,25,109.455971
0.0,25,109.455971
0.0,25,109.455971
0.0,25,109.539991
0.0,25,109.539991
0.0,25,109.539991
-14.569193,25,109.539991
0.0,25,109.628956
0.0,25,109.629967
0.0,25,109.629967
-0.98068434,25,109.629967
0.0,25,109.761485
0.0,25,109.761485
0.0,25,109.761485
-16.098938,25,109.761485
0.0,25,109.862865
0.0,25,109.862865
0.0,25,109.862865
0.0,25,109.862865
0.0,25,109.970634
0.0,25,109.970634
0.0,25,109.970634
0.0,25,109.970634
20.0,25,110.066295
20.0,25,110.066295
20.0,25,110.066295
-20.0,25,110.066295
30.0,25,110.156375
30.0,25,110.156375
30.0,25,110.156375
-30.0,25,110.156375
0.0,25,110.261323
0.0,25,110.261323
0.0,25,110.261323
0.0,25,110.261323
40.0,25,110.360534
40.0,25,110.360534
40.0,25,110.360534
-43.245472,25,110.360534
10.0,25,110.462862
10.0,25,110.463871
10.0,25,110.463871
-10.0,25,110.463871
10.0,25,110.56695
10.0,25,110.56695
10.0,25,110.56695
-10.0,25,110.56695
0.0,25,110.675856
0.0,25,110.675856
0.0,25,110.675856
0.0,25,110.675856
0.0,25,110.793118
0.0,25,110.793118
0.0,25,110.793118
-1.326633,25,110.793118
20.0,25,110.898024
20.0,25,110.898024
20.0,25,110.898024
-20.754972,25,110.898024
10.0,25,110.995507
10.0,25,110.995507
10.0,25,110.995507
-10.0,25,110.995507
10.0,25,111.112772
10.0,25,111.112772
10.0,25,111.112772
-10.0,25,111.112772
30.0,25,111.234095
30.0,25,111.235106
30.0,25,111.235106
-30.0,25,111.235106
60.0,25,111.335135
60.0,25,111.335135
60.0,25,111.335135
-60.0,25,111.335135
0.0,25,111.413893
0.0,25,111.413893
0.0,25,111.413893
0.0,25,111.413893
0.0,25,111.505371
0.0,25,111.506371
0.0,25,111.506371
0.0,25,111.506371
0.0,25,111.591114
0.0,25,111.591114
0.0,25,111.591114
-0.35399365,25,111.591114
0.0,25,111.685825
0.0,25,111.685825
0.0,25,111.685825
0.0,25,111.685825
40.0,25,111.781861
40.0,25,111.781861
40.0,25,111.781861
-40.0,25,111.781861
30.0,25,111.872303
30.0,25,111.872303
30.0,25,111.872303
-30.0,25,111.872303
10.0,25,111.978514
10.0,25,111.979044
10.0,25,111.979044
-10.0,25,111.979044
90.0,25,112.086265
90.0,25,112.086265
90.0,25,112.086265
-90.0,25,112.086265
40.0,25,112.190867
40.0,25,112.190867
40.0,25,112.190867
-40.0,25,112.190867
40.0,25,112.276756
40.0,25,112.276756
40.0,25,112.276756
-40.0,25,112.276756
0.0,25,112.358571
0.0,25,112.358571
0.0,25,112.358571
-1.4560146,25,112.358571
0.0,25,112.433548
0.0,25,112.433548
0.0,25,112.433548
0.0,25,112.433548
30.0,25,112.506722
30.0,25,112.506722
30.0,25,112.508237
-30.0,25,112.508237
10.0,25,112.582484
10.0,25,112.582484
10.0,25,112.582484
-10.0,25,112.582484
0.0,25,112.648931
0.0,25,112.648931
0.0,25,112.648931
0.0,25,112.648931
0.0,25,112.71597
0.0,25,112.71597
0.0,25,112.71597
0.0,25,112.71597
20.0,25,112.788157
20.0,25,112.788157
20.0,25,112.788157
-20.0,25,112.788157
30.0,25,112.885287
30.0,25,112.885287
30.0,25,112.885287
-44.04663,25,112.885287
0.0,25,112.97103
0.0,25,112.97103
0.0,25,112.97103
0.0,25,112.97103
30.0,25,113.046687
30.0,25,113.046687
30.0,25,113.046687
-30.0,25,113.046687
10.0,25,113.116764
10.0,25,113.116764
10.0,25,113.116764
-10.0,25,113.116764
0.0,25,113.191883
0.0,25,113.19239
0.0,25,113.19239
0.0,25,113.19239
0.0,25,113.267154
0.0,25,113.267154
0.0,25,113.267154
0.0,25,113.267154
0.0,25,113.339421
0.0,25,113.339421
0.0,25,113.339421
0.0,25,113.339421
30.0,25,113.410481
30.0,25,113.410481
30.0,25,113.410481
-31.399137,25,113.410481
20.0,25,113.481616
20.0,25,113.481616
20.0,25,113.481616
-20.0,25,113.481616
0.0,25,113.582169
0.0,25,113.582169
0.0,25,113.582169
-49.014057,25,113.582169
0.0,25,113.682434
0.0,25,113.682434
0.0,25,113.682434
0.0,25,113.682434
40.0,25,113.785172
40.0,25,113.785172
40.0,25,113.785172
-40.0,25,113.785172
20.0,25,113.863439
20.0,25,113.863439
20.0,25,113.863439
-20.0,25,113.863439
0.0,25,113.935886
0.0,25,113.935886
0.0,25,113.936885
0.0,25,113.936885
0.0,25,114.014053
0.0,25,114.014053
0.0,25,114.014053
-1.299331,25,114.014053
0.0,25,114.101332
0.0,25,114.101332
0.0,25,114.101332
-0.21105337,25,114.101332
0.0,25,114.217179
0.0,25,114.21818
0.0,25,114.21818
0.0,25,114.21818
60.0,25,114.329025
60.0,25,114.329025
60.0,25,114.329025
-60.0,25,114.329025
30.0,25,114.444352
30.0,25,114.444352
30.0,25,114.444352
-30.08423,25,114.444352
0.0,25,114.538253
0.0,25,114.538253
0.0,25,114.538253
0.0,25,114.538253
20.0,25,114.634466
20.0,25,114.634466
20.0,25,114.634466
-20.402458,25,114.634466
0.0,25,114.73982
0.0,25,114.74082
0.0,25,114.74082
0.0,25,114.74082
0.0,25,114.844292
0.0,25,114.844292
0.0,25,114.844292
0.0,25,114.844292
30.0,25,114.953362
30.0,25,114.953362
30.0,25,114.953362
-30.0,25,114.953362
0.0,25,115.047506
0.0,25,115.047506
0.0,25,115.047506
0.0,25,115.047506
0.0,25,115.144356
0.0,25,115.144356
0.0,25,115.144356
0.0,25,115.144356
10.0,25,115.236649
10.0,25,115.236649
10.0,25,115.236649
-10.0,25,115.236649
0.0,25,115.338568
0.0,25,115.338568
0.0,25,115.338568
-10.876355,25,115.338568
0.0,25,115.452656
0.0,25,115.452656
0.0,25,115.452656
0.0,25,115.452656
30.0,25,115.545868
30.0,25,115.545868
30.0,25,115.545868
-30.0,25,115.545868
0.0,25,115.635661
0.0,25,115.636663
0.0,25,115.636663
-0.31977943,25,115.636663
0.0,25,115.745103
0.0,25,115.745103
0.0,25,115.745103
0.0,25,115.745103
30.0,25,115.829409
30.0,25,115.829409
30.0,25,115.829409
-30.0,25,115.829409
20.0,25,115.932246
20.0,25,115.932246
20.0,25,115.932246
-20.0,25,115.932246
0.0,25,116.029221
0.0,25,116.029221
0.0,25,116.029221
0.0,25,116.029221
0.0,25,116.136479
0.0,25,116.136479
0.0,25,116.136479
0.0,25,116.136479
0.0,25,116.221773
0.0,25,116.222285
0.0,25,116.222285
-33.1873,25,116.222285
20.0,25,116.292134
20.0,25,116.292134
20.0,25,116.292134
-20.0,25,116.292134
30.0,25,116.379893
30.0,25,116.380895
30.0,25,116.380895
-30.0,25,116.380895
0.0,25,116.478497
0.0,25,116.478497
0.0,25,116.478497
-0.032647695,25,116.478497
40.0,25,116.590902
40.0,25,116.590902
40.0,25,116.590902
-40.0,25,116.590902
0.0,25,116.666032
0.0,25,116.666032
0.0,25,116.666032
-0.25913513,25,116.666032
10.0,25,124.193489
10.0,25,124.193489
10.0,25,124.193489
-10.6483345,25,124.193489
0.0,25,124.262756
0.0,25,124.262756
0.0,25,124.262756
-0.11405502,25,124.262756
30.0,25,124.341017
30.0,25,124.341017
30.0,25,124.341017
-30.0,25,124.341017
0.0,25,124.406853
0.0,25,124.406853
0.0,25,124.406853
-7.4600506,25,124.406853
0.0,25,124.485796
0.0,25,124.485796
0.0,25,124.485796
-13.830508,25,124.485796
20.0,25,124.555497
20.0,25,124.555497
20.0,25,124.555497
-20.0,25,124.555497
0.0,25,124.638463
0.0,25,124.639475
0.0,25,124.639475
0.0,25,124.639475
10.0,25,124.716713
10.0,25,124.716713
10.0,25,124.716713
-13.730656,25,124.716713
0.0,25,124.802228
0.0,25,124.802228
0.0,25,124.802228
0.0,25,124.802228
0.0,25,124.885654
0.0,25,124.885654
0.0,25,124.885654
-0.60687685,25,124.885654
0.0,25,124.973228
0.0,25,124.973228
0.0,25,124.973228
0.0,25,124.973228
0.0,25,125.06813
0.0,25,125.06813
0.0,25,125.06813
0.0,25,125.06813
20.0,25,125.156943
20.0,25,125.156943
20.0,25,125.156943
-20.0,25,125.156943
20.0,25,125.232223
20.0,25,125.232223
20.0,25,125.233228
-20.0,25,125.233228
30.0,25,125.306084
30.0,25,125.306084
30.0,25,125.306084
-39.86499,25,125.306084
20.0,25,125.368582
20.0,25,125.368582
20.0,25,125.368582
-20.0,25,125.368582
0.0,25,125.469449
0.0,25,125.469449
0.0,25,125.469449
-1.3759356,25,125.469449
0.0,25,125.580088
0.0,25,125.580637
0.0,25,125.580637
0.0,25,125.580637
0.0,25,125.660718
0.0,25,125.660718
0.0,25,125.660718
0.0,25,125.660718
10.0,25,125.733591
10.0,25,125.733591
10.0,25,125.733591
-10.0,25,125.733591
0.0,25,125.80015
0.0,25,125.80015
0.0,25,125.80015
-36.06045,25,125.80015
20.0,25,125.87268
20.0,25,125.87268
20.0,25,125.87268
-20.0,25,125.87268
10.0,25,125.944799
10.0,25,125.944799
10.0,25,125.944799
-10.0,25,125.944799
0.0,25,126.03144
0.0,25,126.03144
0.0,25,126.03144
0.0,25,126.03144
20.0,25,126.117113
20.0,25,126.117113
20.0,25,126.117113
-20.0,25,126.117113
20.0,25,126.195525
20.0,25,126.195525
20.0,25,126.195525
-20.0,25,126.195525
0.0,25,126.278244
0.0,25,126.278244
0.0,25,126.278244
0.0,25,126.278244
0.0,25,126.34499
0.0,25,126.34499
0.0,25,126.34499
-2.395799,25,126.34499
40.0,25,126.420117
40.0,25,126.420117
40.0,25,126.420117
-41.209,25,126.420117
0.0,25,126.494792
0.0,25,126.494792
0.0,25,126.494792
0.0,25,126.494792
0.0,25,126.576884
0.0,25,126.576884
0.0,25,126.576884
0.0,25,126.576884
0.0,25,126.648268
0.0,25,126.648268
0.0,25,126.648784
-11.341133,25,126.648784
30.0,25,126.731632
30.0,25,126.731632
30.0,25,126.731632
-30.0,25,126.731632
0.0,25,126.803728
0.0,25,126.803728
0.0,25,126.803728
-8.898468,25,126.803728
0.0,25,126.879289
0.0,25,126.879289
0.0,25,126.879289
0.0,25,126.879289
0.0,25,126.95543
0.0,25,126.956432
0.0,25,126.956432
-35.35068,25,126.956432
0.0,25,127.031386
0.0,25,127.031386
0.0,25,127.031386
0.0,25,127.031386
0.0,25,127.099852
0.0,25,127.100305
0.0,25,127.100305
0.0,25,127.100305
30.0,25,127.186174
30.0,25,127.186174
30.0,25,127.186174
-30.0,25,127.186174
0.0,25,127.251982
0.0,25,127.251982
0.0,25,127.251982
0.0,25,127.251982
0.0,25,127.327023
0.0,25,127.327023
0.0,25,127.327023
0.0,25,127.327023
0.0,25,127.398321
0.0,25,127.398321
0.0,25,127.398321
-0.8662896,25,127.398321
10.0,25,127.466949
10.0,25,127.466949
10.0,25,127.466949
-10.0,25,127.466949
0.0,25,127.551106
0.0,25,127.551106
0.0,25,127.551106
-24.312061,25,127.551106
10.0,25,127.632215
10.0,25,127.632215
10.0,25,127.632215
-10.0,25,127.632215
0.0,25,127.721542
0.0,25,127.721542
0.0,25,127.721542
-1.7737914,25,127.721542
60.0,25,127.81881
60.0,25,127.81881
60.0,25,127.81881
-60.0,25,127.81881
40.0,25,127.895484
40.0,25,127.895484
40.0,25,127.895484
-54.071815,25,127.895484
0.0,25,127.964698
0.0,25,127.964698
0.0,25,127.964698
-3.378618,25,127.964698
0.0,25,128.046333
0.0,25,128.046333
0.0,25,128.046333
-0.24638489,25,128.046333
0.0,25,128.130863
0.0,25,128.130863
0.0,25,128.130863
0.0,25,128.130863
30.0,25,128.20105
30.0,25,128.20105
30.0,25,128.20105
-30.305279,25,128.20105
0.0,25,128.280914
0.0,25,128.280914
0.0,25,128.280914
0.0,25,128.280914
0.0,25,128.352653
0.0,25,128.352653
0.0,25,128.352653
0.0,25,128.352653
20.0,25,128.41995
20.0,25,128.41995
20.0,25,128.41995
-20.0,25,128.41995
20.0,25,128.501171
20.0,25,128.501171
20.0,25,128.501171
-20.0,25,128.501171
0.0,25,128.583397
0.0,25,128.583397
0.0,25,128.583397
0.0,25,128.583397
30.0,25,128.659646
30.0,25,128.659646
30.0,25,128.659646
-45.986397,25,128.659646
0.0,25,128.734094
0.0,25,128.734094
0.0,25,128.734094
-13.360651,25,128.734094
20.0,25,128.813045
20.0,25,128.81408
20.0,25,128.81408
-20.0,25,128.81408
30.0,25,128.893868
30.0,25,128.893868
30.0,25,128.893868
-30.0,25,128.893868
0.0,25,128.976804
0.0,25,128.976804
0.0,25,128.976804
0.0,25,128.976804
0.0,25,129.043422
0.0,25,129.043422
0.0,25,129.043422
-23.50509,25,129.043422
0.0,25,129.140811
0.0,25,129.140811
0.0,25,129.140811
-7.6362524,25,129.140811
60.0,25,129.209009
60.0,25,129.209009
60.0,25,129.209009
-66.29435,25,129.209009
30.0,25,129.282887
30.0,25,129.282887
30.0,25,129.282887
-30.0,25,129.282887
0.0,25,129.369775
0.0,25,129.369775
0.0,25,129.369775
0.0,25,129.369775
0.0,25,129.43323
0.0,25,129.43323
0.0,25,129.43323
0.0,25,129.43323
20.0,25,129.507099
20.0,25,129.507099
20.0,25,129.507099
-26.308868,25,129.507099
30.0,25,129.575302
30.0,25,129.575302
30.0,25,129.575302
-44.00427,25,129.575302
30.0,25,129.64113
30.0,25,129.64113
30.0,25,129.64113
-30.0,25,129.64113
30.0,25,129.70861
30.0,25,129.70861
30.0,25,129.70861
-30.0,25,129.70861
10.0,25,129.780568
10.0,25,129.780568
10.0,25,129.780568
-10.47779,25,129.780568
0.0,25,129.851358
0.0,25,129.851358
0.0,25,129.851358
0.0,25,129.851358
40.0,25,129.932071
40.0,25,129.932071
40.0,25,129.932071
-40.0,25,129.932071
0.0,25,130.047079
0.0,25,130.047079
0.0,25,130.047079
-1.0968156,25,130.047079
0.0,25,130.12728
0.0,25,130.12728
0.0,25,130.12728
-15.332292,25,130.12728
0.0,25,130.198057
0.0,25,130.198057
0.0,25,130.1994
0.0,25,130.1994
0.0,25,130.264346
0.0,25,130.264346
0.0,25,130.264346
-0.39037648,25,130.264346
10.0,25,130.344273
10.0,25,130.345272
10.0,25,130.345272
-10.0,25,130.345272
0.0,25,130.418466
0.0,25,130.41948
0.0,25,130.41948
0.0,25,130.41948
0.0,25,130.496533
0.0,25,130.496533
0.0,25,130.496533
0.0,25,130.496533
0.0,25,137.976321
0.0,25,137.978328
0.0,25,137.978328
-6.80454,25,137.978328
0.0,25,138.063224
0.0,25,138.063224
0.0,25,138.063224
-27.68847,25,138.063224
0.0,25,138.122745
0.0,25,138.122745
0.0,25,138.122745
0.0,25,138.122745
40.0,25,138.208229
40.0,25,138.208229
40.0,25,138.208229
-40.0,25,138.208229
0.0,25,138.288113
0.0,25,138.288113
0.0,25,138.288113
-12.7823715,25,138.288113
0.0,25,138.365751
0.0,25,138.372097
0.0,25,138.372097
-7.229195,25,138.372097
0.0,25,138.46109
0.0,25,138.46109
0.0,25,138.46109
0.0,25,138.46109
30.0,25,138.548321
30.0,25,138.548321
30.0,25,138.548321
-30.0,25,138.548321
0.0,25,138.628415
0.0,25,138.628415
0.0,25,138.628415
-0.55001456,25,138.628415
0.0,25,138.692298
0.0,25,138.692298
0.0,25,138.692298
0.0,25,138.692298
30.0,25,138.778137
30.0,25,138.778137
30.0,25,138.778137
-30.0,25,138.778137
0.0,25,138.861897
0.0,25,138.861897
0.0,25,138.861897
-21.512875,25,138.861897
0.0,25,138.955915
0.0,25,138.955915
0.0,25,138.955915
-4.1955414,25,138.955915
0.0,25,139.073076
0.0,25,139.073076
0.0,25,139.073076
0.0,25,139.073076
0.0,25,139.14829
0.0,25,139.14829
0.0,25,139.14829
0.0,25,139.14829
60.0,25,139.215381
60.0,25,139.215381
60.0,25,139.215381
-60.63995,25,139.215381
50.0,25,139.293233
50.0,25,139.293233
50.0,25,139.293233
-50.0,25,139.293233
30.0,25,139.368196
30.0,25,139.368196
30.0,25,139.368196
-30.0,25,139.368196
10.0,25,139.448327
10.0,25,139.448327
10.0,25,139.448327
-10.0,25,139.448327
0.0,25,139.528071
0.0,25,139.528071
0.0,25,139.528071
-0.7591948,25,139.528071
20.0,25,139.603912
20.0,25,139.603912
20.0,25,139.603912
-20.0,25,139.603912
30.0,25,139.692227
30.0,25,139.692227
30.0,25,139.692227
-30.0,25,139.692227
40.0,25,139.774452
40.0,25,139.774452
40.0,25,139.774452
-40.0,25,139.774452
0.0,25,139.855986
0.0,25,139.855986
0.0,25,139.855986
0.0,25,139.855986
0.0,25,139.931769
0.0,25,139.931769
0.0,25,139.931769
0.0,25,139.931769
30.0,25,140.004471
30.0,25,140.004471
30.0,25,140.004471
-30.0,25,140.004471
20.0,25,140.082126
20.0,25,140.082126
20.0,25,140.082126
-20.0,25,140.082126
0.0,25,140.150435
0.0,25,140.150435
0.0,25,140.150435
0.0,25,140.150435
20.0,25,140.228199
20.0,25,140.228199
20.0,25,140.228199
-20.0,25,140.228199
50.0,25,140.302182
50.0,25,140.302182
50.0,25,140.302182
-50.0,25,140.302182
20.0,25,140.371978
20.0,25,140.371978
20.0,25,140.371978
-20.0,25,140.371978
0.0,25,140.453854
0.0,25,140.453854
0.0,25,140.453854
-0.066984914,25,140.453854
10.0,25,140.522523
10.0,25,140.522523
10.0,25,140.522523
-10.0,25,140.522523
20.0,25,140.594796
20.0,25,140.594796
20.0,25,140.594796
-27.071321,25,140.594796
0.0,25,140.658428
0.0,25,140.658428
0.0,25,140.658428
0.0,25,140.658428
20.0,25,140.748287
20.0,25,140.748287
20.0,25,140.748287
-20.0,25,140.748287
0.0,25,140.818128
0.0,25,140.818128
0.0,25,140.818128
-13.183826,25,140.818128
0.0,25,140.890091
0.0,25,140.890091
0.0,25,140.890091
0.0,25,140.890091
50.0,25,140.980268
50.0,25,140.980268
50.0,25,140.980268
-50.0,25,140.980268
30.0,25,141.0705
30.0,25,141.0705
30.0,25,141.0705
-30.0,25,141.0705
0.0,25,141.138418
0.0,25,141.138418
0.0,25,141.138418
0.0,25,141.138418
20.0,25,141.230349
20.0,25,141.230349
20.0,25,141.230349
-20.0,25,141.230349
90.0,25,141.335129
90.0,25,141.337135
90.0,25,141.337135
-90.0,25,141.337135
20.0,25,141.408483
20.0,25,141.408483
20.0,25,141.408483
-20.0,25,141.408483
10.0,25,141.502399
10.0,25,141.502399
10.0,25,141.502399
-10.0,25,141.502399
20.0,25,141.598244
20.0,25,141.598244
20.0,25,141.598244
-20.0,25,141.598244
10.0,25,141.695829
10.0,25,141.695829
10.0,25,141.695829
-10.0,25,141.695829
40.0,25,141.768329
40.0,25,141.768329
40.0,25,141.768329
-40.0,25,141.768329
40.0,25,141.883403
40.0,25,141.883403
40.0,25,141.883403
-40.0,25,141.883403
0.0,25,141.97518
0.0,25,141.97518
0.0,25,141.97518
-2.9864104,25,141.97518
20.0,25,142.070713
20.0,25,142.070713
20.0,25,142.070713
-20.0,25,142.070713
20.0,25,142.164217
20.0,25,142.164217
20.0,25,142.164217
-20.0,25,142.164217
0.0,25,142.252389
0.0,25,142.252389
0.0,25,142.252389
0.0,25,142.252389
0.0,25,142.342742
0.0,25,142.342742
0.0,25,142.342742
0.0,25,142.342742
60.0,25,142.442845
60.0,25,142.442845
60.0,25,142.442845
-60.0,25,142.442845
0.0,25,142.554958
0.0,25,142.554958
0.0,25,142.554958
-2.5753405,25,142.554958
0.0,25,142.670569
0.0,25,142.670569
0.0,25,142.670569
-5.396518,25,142.670569
0.0,25,142.788307
0.0,25,142.788307
0.0,25,142.788307
0.0,25,142.790096
10.0,25,142.910526
10.0,25,142.910526
10.0,25,142.910526
-10.0,25,142.910526
20.0,25,143.028049
20.0,25,143.031039
20.0,25,143.031039
-21.18216,25,143.031039
0.0,25,143.146482
0.0,25,143.146482
0.0,25,143.146482
0.0,25,143.146482
40.0,25,143.263419
40.0,25,143.263419
40.0,25,143.263419
-50.226677,25,143.263419
0.0,25,143.383004
0.0,25,143.383004
0.0,25,143.383004
-0.5995206,25,143.383004
0.0,25,143.547838
0.0,25,143.547838
0.0,25,143.547838
-3.170644,25,143.547838
0.0,25,143.70677
0.0,25,143.70677
0.0,25,143.70677
-20.30066,25,143.70677
0.0,25,143.840557
0.0,25,143.840557
0.0,25,143.840557
0.0,25,143.840557
0.0,25,143.9438
0.0,25,143.9438
0.0,25,143.9438
0.0,25,143.9438
40.0,25,144.048479
40.0,25,144.05071
40.0,25,144.05071
-40.0,25,144.05071
0.0,25,144.158115
0.0,25,144.158115
0.0,25,144.158115
-6.7435365,25,144.158115
0.0,25,144.258444
0.0,25,144.258444
0.0,25,144.258444
0.0,25,144.258444
0.0,25,144.363183
0.0,25,144.36521
0.0,25,144.36521
0.0,25,144.36521
10.0,25,144.472035
10.0,25,144.472035
10.0,25,144.472035
-10.0,25,144.472035
0.0,25,144.589719
0.0,25,144.589719
0.0,25,144.589719
-40.07352,25,144.589719
30.0,25,144.705055
30.0,25,144.705055
30.0,25,144.705055
-34.533684,25,144.705055
0.0,25,144.825617
0.0,25,144.825617
0.0,25,144.825617
0.0,25,144.825617
0.0,25,144.927064
0.0,25,144.927064
0.0,25,144.927064
0.0,25,144.927064
10.0,25,145.013938
10.0,25,145.013938
10.0,25,145.013938
-10.0,25,145.013938
10.0,25,145.101207
10.0,25,145.101207
10.0,25,145.101207
-10.0,25,145.101207
0.0,25,145.188526
0.0,25,145.188526
0.0,25,145.188526
0.0,25,145.188526
0.0,25,145.270623
0.0,25,145.270623
0.0,25,145.270623
0.0,25,145.270623
0.0,25,145.362276
0.0,25,145.362276
0.0,25,145.362276
0.0,25,145.362276
0.0,25,145.466259
0.0,25,145.466259
0.0,25,145.466259
-2.1613066,25,145.466259
0.0,25,152.998328
0.0,25,152.998328
0.0,25,152.998328
0.0,25,152.998328
40.0,25,153.071948
40.0,25,153.071948
40.0,25,153.071948
-40.0,25,153.071948
0.0,25,153.148129
0.0,25,153.148129
0.0,25,153.148129
0.0,25,153.148129
20.0,25,153.231044
20.0,25,153.231044
20.0,25,153.231044
-20.361385,25,153.231044
20.0,25,153.310198
20.0,25,153.310198
20.0,25,153.310198
-20.0,25,153.310198
20.0,25,153.372056
20.0,25,153.378118
20.0,25,153.378118
-20.0,25,153.378118
0.0,25,153.442255
0.0,25,153.442255
0.0,25,153.444288
0.0,25,153.444288
0.0,25,153.523818
0.0,25,153.523818
0.0,25,153.523818
-41.840305,25,153.523818
0.0,25,153.639765
0.0,25,153.639765
0.0,25,153.639765
0.0,25,153.639765
0.0,25,153.730061
0.0,25,153.730061
0.0,25,153.730061
-1.8880751,25,153.730061
10.0,25,153.818302
10.0,25,153.818302
10.0,25,153.818302
-10.0,25,153.818302
40.0,25,153.888284
40.0,25,153.888284
40.0,25,153.888284
-40.0,25,153.888284
10.0,25,153.974794
10.0,25,153.974794
10.0,25,153.974794
-12.385672,25,153.974794
0.0,25,154.058465
0.0,25,154.058465
0.0,25,154.058465
0.0,25,154.058465
10.0,25,154.139824
10.0,25,154.140823
10.0,25,154.140823
-10.0,25,154.140823
0.0,25,154.205866
0.0,25,154.205866
0.0,25,154.205866
0.0,25,154.205866
20.0,25,154.281934
20.0,25,154.281934
20.0,25,154.281934
-20.0,25,154.281934
30.0,25,154.35198
30.0,25,154.35198
30.0,25,154.35198
-30.03933,25,154.35198
20.0,25,154.431951
20.0,25,154.431951
20.0,25,154.431951
-20.323933,25,154.431951
0.0,25,154.502085
0.0,25,154.502085
0.0,25,154.502085
0.0,25,154.502085
0.0,25,154.588414
0.0,25,154.588414
0.0,25,154.588414
0.0,25,154.588414
30.0,25,154.666216
30.0,25,154.666216
30.0,25,154.666216
-33.1373,25,154.666216
0.0,25,154.768981
0.0,25,154.768981
0.0,25,154.768981
-5.6131005,25,154.768981
0.0,25,154.878089
0.0,25,154.878089
0.0,25,154.878089
0.0,25,154.878089
60.0,25,154.961147
60.0,25,154.961147
60.0,25,154.961147
-60.960472,25,154.961147
70.0,25,155.031763
70.0,25,155.031763
70.0,25,155.031763
-70.0,25,155.031763
10.0,25,155.115777
10.0,25,155.115777
10.0,25,155.115777
-10.0,25,155.115777
0.0,25,155.201453
0.0,25,155.201453
0.0,25,155.201453
0.0,25,155.201453
0.0,25,155.282452
0.0,25,155.28446
0.0,25,155.28446
0.0,25,155.28446
0.0,25,155.36849
0.0,25,155.36849
0.0,25,155.36849
-35.671303,25,155.36849
0.0,25,155.458419
0.0,25,155.458419
0.0,25,155.458419
-30.907612,25,155.458419
0.0,25,155.532309
0.0,25,155.532309
0.0,25,155.532309
-16.32276,25,155.532309
0.0,25,155.604544
0.0,25,155.604544
0.0,25,155.604544
-8.424622,25,155.604544
0.0,25,155.678234
0.0,25,155.678234
0.0,25,155.678234
0.0,25,155.678234
20.0,25,155.758526
20.0,25,155.758526
20.0,25,155.758526
-21.612263,25,155.758526
110.0,25,155.835887
110.0,25,155.835887
110.0,25,155.835887
-110.0,25,155.835887
0.0,25,155.898193
0.0,25,155.898193
0.0,25,155.898193
0.0,25,155.898193
20.0,25,155.97949
20.0,25,155.97949
20.0,25,155.97949
-20.0,25,155.97949
20.0,25,156.052109
20.0,25,156.052109
20.0,25,156.052109
-24.699081,25,156.052109
0.0,25,156.122473
0.0,25,156.122473
0.0,25,156.122473
0.0,25,156.122473
0.0,25,156.208282
0.0,25,156.208282
0.0,25,156.208282
0.0,25,156.208282
10.0,25,156.310041
10.0,25,156.310041
10.0,25,156.310041
-23.048826,25,156.310041
30.0,25,156.382308
30.0,25,156.382308
30.0,25,156.382308
-34.36102,25,156.382308
30.0,25,156.445969
30.0,25,156.445969
30.0,25,156.445969
-30.0,25,156.445969
30.0,25,156.51038
30.0,25,156.51038
30.0,25,156.51038
-30.0,25,156.51038
0.0,25,156.578359
0.0,25,156.578359
0.0,25,156.578359
-1.3814653,25,156.578359
0.0,25,156.662306
0.0,25,156.662306
0.0,25,156.662306
0.0,25,156.662306
40.0,25,156.745759
40.0,25,156.745759
40.0,25,156.745759
-40.676117,25,156.745759
10.0,25,156.822452
10.0,25,156.822452
10.0,25,156.822452
-10.0,25,156.822452
0.0,25,156.912014
0.0,25,156.912014
0.0,25,156.912014
-0.5430101,25,156.912014
10.0,25,156.998376
10.0,25,156.998376
10.0,25,156.998376
-10.0,25,156.998376
10.0,25,157.106338
10.0,25,157.106338
10.0,25,157.106338
-10.099174,25,157.106338
50.0,25,157.184166
50.0,25,157.184166
50.0,25,157.184166
-50.313156,25,157.184166
20.0,25,157.27416
20.0,25,157.27416
20.0,25,157.27416
-20.0,25,157.27416
40.0,25,157.362541
40.0,25,157.362541
40.0,25,157.362541
-40.0,25,157.362541
20.0,25,157.44397
20.0,25,157.44397
20.0,25,157.44397
-20.0,25,157.44397
50.0,25,157.513392
50.0,25,157.513392
50.0,25,157.513392
-50.0,25,157.513392
0.0,25,157.5982
0.0,25,157.5982
0.0,25,157.5982
-1.7568046,25,157.5982
0.0,25,157.683555
0.0,25,157.683555
0.0,25,157.683555
-3.481261,25,157.683555
0.0,25,157.769358
0.0,25,157.769358
0.0,25,157.769358
0.0,25,157.769358
0.0,25,157.858146
0.0,25,157.858146
0.0,25,157.858146
0.0,25,157.858146
30.0,25,157.925159
30.0,25,157.925159
30.0,25,157.925159
-30.0,25,157.925159
0.0,25,158.008405
0.0,25,158.014351
0.0,25,158.014351
0.0,25,158.014351
20.0,25,158.088294
20.0,25,158.088294
20.0,25,158.088294
-20.0,25,158.088294
30.0,25,158.158269
30.0,25,158.158269
30.0,25,158.158269
-30.0,25,158.158269
40.0,25,158.236289
40.0,25,158.236289
40.0,25,158.236289
-41.75779,25,158.236289
30.0,25,158.311988
30.0,25,158.314012
30.0,25,158.314012
-36.647247,25,158.314012
10.0,25,158.38892
10.0,25,158.38892
10.0,25,158.38892
-10.0,25,158.38892
0.0,25,158.483155
0.0,25,158.483155
0.0,25,158.483155
0.0,25,158.483155
30.0,25,158.552193
30.0,25,158.552193
30.0,25,158.552193
-30.0,25,158.552193
50.0,25,158.620551
50.0,25,158.620551
50.0,25,158.620551
-50.0,25,158.620551
0.0,25,158.689795
0.0,25,158.689795
0.0,25,158.689795
-1.840623,25,158.689795
0.0,25,158.761886
0.0,25,158.761886
0.0,25,158.761886
0.0,25,158.761886
20.0,25,158.847458
20.0,25,158.847458
20.0,25,158.847458
-20.0,25,158.847458
0.0,25,158.931775
0.0,25,158.931775
0.0,25,158.931775
-12.592208,25,158.931775
0.0,25,159.00844
0.0,25,159.00844
0.0,25,159.00844
-2.9065237,25,159.00844
10.0,25,159.098201
10.0,25,159.098201
10.0,25,159.098201
-17.78256,25,159.098201
0.0,25,159.189975
0.0,25,159.189975
0.0,25,159.189975
-19.477556,25,159.189975
40.0,25,159.31559
40.0,25,159.31559
40.0,25,159.31559
-42.860302,25,159.31559
0.0,25,159.412572
0.0,25,159.412572
0.0,25,159.412572
0.0,25,159.412572
0.0,25,159.501877
0.0,25,159.501877
0.0,25,159.501877
0.0,25,159.501877
30.0,25,159.589764
30.0,25,159.589764
30.0,25,159.589764
-30.0,25,159.589764
30.0,25,167.308351
30.0,25,167.308351
30.0,25,167.308351
-30.0,25,167.308351
0.0,25,167.380613
0.0,25,167.380613
0.0,25,167.380613
0.0,25,167.380613
0.0,25,167.462525
0.0,25,167.462525
0.0,25,167.462525
0.0,25,167.462525
10.0,25,167.534905
10.0,25,167.534905
10.0,25,167.534905
-14.341061,25,167.534905
40.0,25,167.616266
40.0,25,167.616266
40.0,25,167.616266
-40.0,25,167.616266
0.0,25,167.694235
0.0,25,167.694235
0.0,25,167.694235
-0.12353755,25,167.694235
0.0,25,167.770144
0.0,25,167.770144
0.0,25,167.770144
-1.8080949,25,167.770144
0.0,25,167.866557
0.0,25,167.866557
0.0,25,167.866557
0.0,25,167.866557
20.0,25,167.950568
20.0,25,167.950568
20.0,25,167.950568
-21.966133,25,167.950568
0.0,25,168.015351
0.0,25,168.015351
0.0,25,168.015351
0.0,25,168.015351
20.0,25,168.091925
20.0,25,168.091925
20.0,25,168.091925
-20.791422,25,168.091925
0.0,25,168.166404
0.0,25,168.166404
0.0,25,168.166404
-12.8242655,25,168.166404
10.0,25,168.250718
10.0,25,168.250718
10.0,25,168.250718
-10.0,25,168.250718
0.0,25,168.380194
0.0,25,168.380194
0.0,25,168.380194
-22.42869,25,168.380194
30.0,25,168.46178
30.0,25,168.46178
30.0,25,168.46178
-30.0,25,168.46178
0.0,25,168.541692
0.0,25,168.541692
0.0,25,168.541692
-5.957769,25,168.541692
0.0,25,168.61499
0.0,25,168.61499
0.0,25,168.61499
0.0,25,168.61499
0.0,25,168.680181
0.0,25,168.680181
0.0,25,168.682791
0.0,25,168.682791
0.0,25,168.772026
0.0,25,168.772026
0.0,25,168.772026
0.0,25,168.772026
10.0,25,168.858437
10.0,25,168.858437
10.0,25,168.858437
-10.0,25,168.858437
30.0,25,168.930574
30.0,25,168.930574
30.0,25,168.930574
-46.49035,25,168.930574
0.0,25,169.02236
0.0,25,169.02236
0.0,25,169.02236
-13.823892,25,169.02236
0.0,25,169.105618
0.0,25,169.105618
0.0,25,169.105618
-12.008784,25,169.105618
0.0,25,169.178566
0.0,25,169.178566
0.0,25,169.178566
-3.5878782,25,169.178566
0.0,25,169.242177
0.0,25,169.242177
0.0,25,169.242177
-23.56682,25,169.242177
0.0,25,169.328493
0.0,25,169.328493
0.0,25,169.328493
0.0,25,169.328493
10.0,25,169.406319
10.0,25,169.406319
10.0,25,169.406319
-10.0,25,169.406319
0.0,25,169.488503
0.0,25,169.488503
0.0,25,169.488503
-2.2641838,25,169.488503
0.0,25,169.559979
0.0,25,169.559979
0.0,25,169.559979
-3.0652783,25,169.559979
0.0,25,169.628255
0.0,25,169.628255
0.0,25,169.628255
-3.1809251,25,169.628255
30.0,25,169.703525
30.0,25,169.703525
30.0,25,169.703525
-30.394863,25,169.703525
0.0,25,169.768321
0.0,25,169.768321
0.0,25,169.768321
-1.4350755,25,169.768321
50.0,25,169.848335
50.0,25,169.848335
50.0,25,169.848335
-52.716484,25,169.848335
0.0,25,169.928403
0.0,25,169.928403
0.0,25,169.928403
-4.0463257,25,169.928403
0.0,25,170.012546
0.0,25,170.012546
0.0,25,170.012546
0.0,25,170.012546
0.0,25,170.098503
0.0,25,170.098503
0.0,25,170.098503
-0.3522413,25,170.098503
0.0,25,170.17443
0.0,25,170.17443
0.0,25,170.17443
0.0,25,170.17443
60.0,25,170.246297
60.0,25,170.246297
60.0,25,170.246297
-61.38293,25,170.246297
0.0,25,170.332191
0.0,25,170.332191
0.0,25,170.332191
0.0,25,170.332191
30.0,25,170.422377
30.0,25,170.422377
30.0,25,170.423398
-30.0,25,170.423398
0.0,25,170.506314
0.0,25,170.506314
0.0,25,170.506314
-0.123816386,25,170.506314
0.0,25,170.621435
0.0,25,170.621435
0.0,25,170.621435
0.0,25,170.621435
0.0,25,170.720311
0.0,25,170.720311
0.0,25,170.720311
0.0,25,170.720311
0.0,25,170.793765
0.0,25,170.793765
0.0,25,170.793765
-1.5766317,25,170.793765
90.0,25,170.862296
90.0,25,170.862296
90.0,25,170.862296
-90.0,25,170.862296
0.0,25,170.940054
0.0,25,170.940054
0.0,25,170.940054
0.0,25,170.940054
0.0,25,171.018193
0.0,25,171.018193
0.0,25,171.018193
-0.7687801,25,171.018193
60.0,25,171.107325
60.0,25,171.107325
60.0,25,171.107325
-60.0,25,171.107325
20.0,25,171.180146
20.0,25,171.180146
20.0,25,171.180146
-20.0,25,171.180146
0.0,25,171.246987
0.0,25,171.246987
0.0,25,171.246987
-19.483023,25,171.246987
30.0,25,171.322221
30.0,25,171.322221
30.0,25,171.322221
-30.0,25,171.322221
30.0,25,171.392293
30.0,25,171.392293
30.0,25,171.392293
-30.0,25,171.392293
0.0,25,171.486259
0.0,25,171.486259
0.0,25,171.486259
-7.172042,25,171.486259
30.0,25,171.555284
30.0,25,171.555284
30.0,25,171.555284
-54.360306,25,171.555284
30.0,25,171.625546
30.0,25,171.625546
30.0,25,171.625546
-30.0,25,171.625546
30.0,25,171.694227
30.0,25,171.694227
30.0,25,171.694227
-30.0,25,171.694227
40.0,25,171.772269
40.0,25,171.772269
40.0,25,171.772269
-40.0,25,171.772269
0.0,25,171.872623
0.0,25,171.872623
0.0,25,171.872623
-33.07659,25,171.872623
30.0,25,171.978409
30.0,25,171.978409
30.0,25,171.978409
-30.0,25,171.978409
0.0,25,172.066274
0.0,25,172.066274
0.0,25,172.066274
-17.972826,25,172.066274
0.0,25,172.138891
0.0,25,172.138891
0.0,25,172.138891
0.0,25,172.138891
40.0,25,172.222103
40.0,25,172.222103
40.0,25,172.222103
-61.089745,25,172.222103
0.0,25,172.288321
0.0,25,172.288321
0.0,25,172.288321
0.0,25,172.288321
0.0,25,172.358532
0.0,25,172.358532
0.0,25,172.358532
0.0,25,172.358532
40.0,25,172.42855
40.0,25,172.42855
40.0,25,172.42855
-40.0,25,172.42855
0.0,25,172.500497
0.0,25,172.500497
0.0,25,172.500497
0.0,25,172.500497
0.0,25,172.578086
0.0,25,172.578086
0.0,25,172.578086
-0.40634826,25,172.578086
40.0,25,172.672187
40.0,25,172.672187
40.0,25,172.672187
-40.0,25,172.672187
0.0,25,172.763899
0.0,25,172.763899
0.0,25,172.763899
-44.524647,25,172.763899
20.0,25,172.856977
20.0,25,172.856977
20.0,25,172.856977
-20.0,25,172.856977
30.0,25,172.942062
30.0,25,172.942062
30.0,25,172.942062
-30.789368,25,172.942062
0.0,25,173.048229
0.0,25,173.048229
0.0,25,173.048229
0.0,25,173.048229
30.0,25,173.148583
30.0,25,173.148583
30.0,25,173.148583
-30.0,25,173.148583
0.0,25,173.240835
0.0,25,173.240835
0.0,25,173.240835
0.0,25,173.240835
0.0,25,173.348127
0.0,25,173.350119
0.0,25,173.350119
0.0,25,173.350119
30.0,25,173.45016
30.0,25,173.45016
30.0,25,173.45016
-30.0,25,173.45016
0.0,25,173.585618
0.0,25,173.585618
0.0,25,173.585618
-13.480016,25,173.585618
30.0,25,173.706266
30.0,25,173.706266
30.0,25,173.706266
-30.0,25,173.70828
0.0,25,173.828064
0.0,25,173.828064
0.0,25,173.828064
-0.17797475,25,173.828064
40.0,25,173.940157
40.0,25,173.940157
40.0,25,173.940157
-40.0,25,173.940157
20.0,25,174.033584
20.0,25,174.033584
20.0,25,174.033584
-21.09962,25,174.033584
0.0,25,174.136203
0.0,25,174.136203
0.0,25,174.136203
0.0,25,174.136203
10.0,25,182.47012
10.0,25,182.47012
10.0,25,182.47012
-12.888619,25,182.47012
0.0,25,182.537402
0.0,25,182.537402
0.0,25,182.537402
0.0,25,182.537402
0.0,25,182.622563
0.0,25,182.622563
0.0,25,182.622563
0.0,25,182.622563
0.0,25,182.691839
0.0,25,182.691839
0.0,25,182.691839
0.0,25,182.691839
50.0,25,182.765113
50.0,25,182.765113
50.0,25,182.765113
-50.0,25,182.765113
10.0,25,182.842424
10.0,25,182.842424
10.0,25,182.842424
-10.0,25,182.842424
30.0,25,182.918154
30.0,25,182.918154
30.0,25,182.918154
-30.0,25,182.918154
0.0,25,183.000144
0.0,25,183.000144
0.0,25,183.000144
0.0,25,183.000144
0.0,25,183.072391
0.0,25,183.072391
0.0,25,183.072391
-7.4401593,25,183.072391
0.0,25,183.148232
0.0,25,183.148232
0.0,25,183.148232
-1.0109873,25,183.148232
0.0,25,183.210131
0.0,25,183.210131
0.0,25,183.210131
-2.7220142,25,183.210131
60.0,25,183.284471
60.0,25,183.284471
60.0,25,183.284471
-60.0,25,183.284471
0.0,25,183.370549
0.0,25,183.370549
0.0,25,183.370549
-23.550556,25,183.370549
50.0,25,183.452359
50.0,25,183.452359
50.0,25,183.452359
-50.0,25,183.452359
30.0,25,183.532305
30.0,25,183.532305
30.0,25,183.532305
-30.0,25,183.532305
20.0,25,183.620247
20.0,25,183.620247
20.0,25,183.620247
-20.0,25,183.620247
20.0,25,183.710041
20.0,25,183.710041
20.0,25,183.710041
-20.0,25,183.710041
30.0,25,183.803607
30.0,25,183.803607
30.0,25,183.803607
-41.616096,25,183.803607
30.0,25,183.8899
30.0,25,183.8899
30.0,25,183.8899
-30.0,25,183.8899
0.0,25,183.988145
0.0,25,183.988145
0.0,25,183.988145
0.0,25,183.988145
20.0,25,184.088281
20.0,25,184.088281
20.0,25,184.088281
-23.58295,25,184.088281
0.0,25,184.190438
0.0,25,184.190438
0.0,25,184.190438
0.0,25,184.190438
0.0,25,184.280548
0.0,25,184.280548
0.0,25,184.280548
0.0,25,184.280548
20.0,25,184.364654
20.0,25,184.364654
20.0,25,184.364654
-20.0,25,184.364654
0.0,25,184.443745
0.0,25,184.443745
0.0,25,184.443745
-14.3069725,25,184.443745
30.0,25,184.525268
30.0,25,184.525268
30.0,25,184.525268
-30.0,25,184.525268
0.0,25,184.60178
0.0,25,184.60178
0.0,25,184.60178
0.0,25,184.60178
20.0,25,184.688358
20.0,25,184.688358
20.0,25,184.688358
-20.0,25,184.688358
50.0,25,184.770241
50.0,25,184.770241
50.0,25,184.770241
-50.0,25,184.770241
0.0,25,184.848418
0.0,25,184.848418
0.0,25,184.848418
0.0,25,184.848418
0.0,25,184.933435
0.0,25,184.933435
0.0,25,184.933435
0.0,25,184.933435
30.0,25,184.996081
30.0,25,184.996081
30.0,25,184.996081
-38.256268,25,184.996081
50.0,25,185.073708
50.0,25,185.073708
50.0,25,185.073708
-50.0,25,185.073708
40.0,25,185.158474
40.0,25,185.158474
40.0,25,185.158474
-41.871735,25,185.158474
0.0,25,185.241753
0.0,25,185.241753
0.0,25,185.241753
0.0,25,185.241753
0.0,25,185.339868
0.0,25,185.339868
0.0,25,185.339868
0.0,25,185.339868
10.0,25,185.410722
10.0,25,185.410722
10.0,25,185.410722
-10.70414,25,185.410722
30.0,25,185.472773
30.0,25,185.472773
30.0,25,185.472773
-32.39668,25,185.472773
0.0,25,185.55507
0.0,25,185.556981
0.0,25,185.556981
-0.015952699,25,185.556981
20.0,25,185.634454
20.0,25,185.634454
20.0,25,185.634454
-21.494787,25,185.634454
20.0,25,185.70062
20.0,25,185.703366
20.0,25,185.703366
-23.609106,25,185.703366
20.0,25,185.771968
20.0,25,185.771968
20.0,25,185.771968
-20.0,25,185.771968
30.0,25,185.850517
30.0,25,185.850517
30.0,25,185.850517
-30.0,25,185.850517
0.0,25,185.941505
0.0,25,185.941505
0.0,25,185.941505
0.0,25,185.941505
10.0,25,186.04205
10.0,25,186.04205
10.0,25,186.04205
-10.0,25,186.04205
20.0,25,186.116042
20.0,25,186.116042
20.0,25,186.116042
-47.381264,25,186.116042
0.0,25,186.202342
0.0,25,186.202342
0.0,25,186.202342
-7.604022,25,186.202342
30.0,25,186.276246
30.0,25,186.276246
30.0,25,186.276246
-30.0,25,186.276246
30.0,25,186.371397
30.0,25,186.371397
30.0,25,186.371397
-30.0,25,186.371397
0.0,25,186.477
0.0,25,186.477
0.0,25,186.477
0.0,25,186.477
0.0,25,186.553578
0.0,25,186.553578
0.0,25,186.55816
0.0,25,186.55816
0.0,25,186.632399
0.0,25,186.632399
0.0,25,186.632399
0.0,25,186.632399
0.0,25,186.738325
0.0,25,186.738325
0.0,25,186.738325
-0.11985963,25,186.738325
0.0,25,186.818245
0.0,25,186.818245
0.0,25,186.818245
0.0,25,186.818245
0.0,25,186.902237
0.0,25,186.902237
0.0,25,186.902237
0.0,25,186.902237
10.0,25,186.971763
10.0,25,186.971763
10.0,25,186.971763
-10.0,25,186.971763
10.0,25,187.058217
10.0,25,187.058217
10.0,25,187.058217
-10.0,25,187.058217
0.0,25,187.142534
0.0,25,187.142534
0.0,25,187.142534
0.0,25,187.142534
0.0,25,187.236056
0.0,25,187.236056
0.0,25,187.236056
0.0,25,187.236056
0.0,25,187.312275
0.0,25,187.312275
0.0,25,187.312275
-7.0739136,25,187.312275
0.0,25,187.388105
0.0,25,187.388105
0.0,25,187.388105
0.0,25,187.388105
20.0,25,187.450556
20.0,25,187.452564
20.0,25,187.452564
-20.0,25,187.452564
20.0,25,187.516766
20.0,25,187.516766
20.0,25,187.516766
-23.166878,25,187.516766
10.0,25,187.591386
10.0,25,187.591386
10.0,25,187.591386
-10.0,25,187.591386
20.0,25,187.670961
20.0,25,187.670961
20.0,25,187.670961
-25.881428,25,187.670961
0.0,25,187.7382
0.0,25,187.7382
0.0,25,187.7382
-5.108377,25,187.7382
40.0,25,187.808215
40.0,25,187.808215
40.0,25,187.808215
-40.0,25,187.808215
50.0,25,187.882802
50.0,25,187.882802
50.0,25,187.882802
-50.0,25,187.882802
20.0,25,187.955428
20.0,25,187.955428
20.0,25,187.955428
-20.0,25,187.955428
30.0,25,188.048167
30.0,25,188.048167
30.0,25,188.048167
-30.0,25,188.048167
50.0,25,188.124017
50.0,25,188.124017
50.0,25,188.124017
-50.74442,25,188.124017
10.0,25,188.200165
10.0,25,188.200165
10.0,25,188.200165
-10.0,25,188.200165
40.0,25,188.26431
40.0,25,188.26431
40.0,25,188.26431
-40.300735,25,188.26431
0.0,25,188.346181
0.0,25,188.346181
0.0,25,188.346181
0.0,25,188.346181
30.0,25,188.434865
30.0,25,188.434865
30.0,25,188.434865
-30.0,25,188.434865
0.0,25,188.560575
0.0,25,188.560575
0.0,25,188.560575
-18.531187,25,188.560575
0.0,25,188.735509
0.0,25,188.736049
0.0,25,188.736049
0.0,25,188.736049
0.0,25,188.84249
0.0,25,188.84249
0.0,25,188.84249
0.0,25,188.84249
10.0,25,188.938094
10.0,25,188.938094
10.0,25,188.938094
-10.0,25,188.938094
0.0,25,189.028378
0.0,25,189.028378
0.0,25,189.028378
0.0,25,189.028378
20.0,25,189.123326
20.0,25,189.123326
20.0,25,189.123326
-20.0,25,189.123326
10.0,25,189.212216
10.0,25,189.212216
10.0,25,189.212216
-11.339495,25,189.212216
30.0,25,196.708591
30.0,25,196.709929
30.0,25,196.709929
-56.33231,25,196.709929
0.0,25,196.788579
0.0,25,196.788579
0.0,25,196.788579
-0.76345503,25,196.788579
30.0,25,196.878573
30.0,25,196.878573
30.0,25,196.878573
-30.0,25,196.878573
0.0,25,196.965789
0.0,25,196.965789
0.0,25,196.965789
-8.9992895,25,196.965789
10.0,25,197.063683
10.0,25,197.063683
10.0,25,197.063683
-10.0,25,197.063683
0.0,25,197.149337
0.0,25,197.149337
0.0,25,197.149337
-22.601671,25,197.149337
0.0,25,197.21214
0.0,25,197.21214
0.0,25,197.21214
0.0,25,197.21214
0.0,25,197.278421
0.0,25,197.288279
0.0,25,197.288279
-0.72490466,25,197.288279
0.0,25,197.352299
0.0,25,197.352299
0.0,25,197.352299
0.0,25,197.352299
20.0,25,197.408134
20.0,25,197.408134
20.0,25,197.408134
-20.0,25,197.408134
0.0,25,197.50232
0.0,25,197.50232
0.0,25,197.50232
0.0,25,197.50232
0.0,25,197.59063
0.0,25,197.59063
0.0,25,197.59063
0.0,25,197.59063
0.0,25,197.706886
0.0,25,197.706886
0.0,25,197.706886
0.0,25,197.706886
30.0,25,197.796097
30.0,25,197.796097
30.0,25,197.796097
-30.0,25,197.796097
0.0,25,197.884345
0.0,25,197.884345
0.0,25,197.884345
-1.0551028,25,197.884345
10.0,25,197.958175
10.0,25,197.958175
10.0,25,197.958175
-10.0,25,197.958175
40.0,25,198.045767
40.0,25,198.045767
40.0,25,198.045767
-40.0,25,198.045767
0.0,25,198.126276
0.0,25,198.126276
0.0,25,198.126276
0.0,25,198.126276
0.0,25,198.198328
0.0,25,198.198328
0.0,25,198.198328
-12.593665,25,198.198328
30.0,25,198.283512
30.0,25,198.283512
30.0,25,198.283512
-58.589516,25,198.283512
0.0,25,198.360384
0.0,25,198.360384
0.0,25,198.36239
0.0,25,198.36239
40.0,25,198.435207
40.0,25,198.435207
40.0,25,198.435207
-40.0,25,198.435207
0.0,25,198.500635
0.0,25,198.500635
0.0,25,198.502644
0.0,25,198.502644
0.0,25,198.589689
0.0,25,198.589689
0.0,25,198.589689
0.0,25,198.589689
20.0,25,198.66702
20.0,25,198.66702
20.0,25,198.66702
-26.49398,25,198.66702
0.0,25,198.734282
0.0,25,198.734282
0.0,25,198.734282
0.0,25,198.734282
0.0,25,198.804379
0.0,25,198.804379
0.0,25,198.804379
0.0,25,198.804379
0.0,25,198.872796
0.0,25,198.872796
0.0,25,198.872796
0.0,25,198.872796
0.0,25,198.938437
0.0,25,198.938437
0.0,25,198.938437
0.0,25,198.938437
20.0,25,199.02843
20.0,25,199.02843
20.0,25,199.02843
-20.0,25,199.02843
0.0,25,199.10413
0.0,25,199.10413
0.0,25,199.10413
0.0,25,199.10413
0.0,25,199.17461
0.0,25,199.17461
0.0,25,199.17461
-7.405051,25,199.17461
0.0,25,199.238504
0.0,25,199.238504
0.0,25,199.238504
0.0,25,199.238504
30.0,25,199.318087
30.0,25,199.318087
30.0,25,199.318087
-30.0,25,199.318087
30.0,25,199.381965
30.0,25,199.381965
30.0,25,199.381965
-30.0,25,199.381965
30.0,25,199.465043
30.0,25,199.465043
30.0,25,199.465043
-30.0,25,199.465043
0.0,25,199.534276
0.0,25,199.534276
0.0,25,199.534276
0.0,25,199.534276
0.0,25,199.612931
0.0,25,199.612931
0.0,25,199.612931
-10.406154,25,199.612931
50.0,25,199.698091
50.0,25,199.698091
50.0,25,199.698091
-50.0,25,199.698091
0.0,25,199.772392
0.0,25,199.772392
0.0,25,199.772392
-2.9143825,25,199.778359
40.0,25,199.888424
40.0,25,199.888424
40.0,25,199.888424
-41.549675,25,199.888424
70.0,25,199.99158
70.0,25,199.99158
70.0,25,199.99158
-70.0,25,199.99158
0.0,25,200.068607
0.0,25,200.069855
0.0,25,200.069855
0.0,25,200.069855
10.0,25,200.141919
10.0,25,200.141919
10.0,25,200.141919
-10.0,25,200.141919
20.0,25,200.218166
20.0,25,200.218166
20.0,25,200.218166
-21.461262,25,200.218166
20.0,25,200.310185
20.0,25,200.310185
20.0,25,200.310185
-20.021072,25,200.310185
0.0,25,200.381785
0.0,25,200.381785
0.0,25,200.381785
-6.3001456,25,200.381785
0.0,25,200.448515
0.0,25,200.448515
0.0,25,200.448515
0.0,25,200.448515
20.0,25,200.518061
20.0,25,200.518061
20.0,25,200.518061
-20.0,25,200.518061
0.0,25,200.588525
0.0,25,200.588525
0.0,25,200.588525
0.0,25,200.588525
0.0,25,200.670534
0.0,25,200.670534
0.0,25,200.672541
-3.6437962,25,200.672541
0.0,25,200.758481
0.0,25,200.758481
0.0,25,200.758481
0.0,25,200.758481
30.0,25,200.831897
30.0,25,200.831897
30.0,25,200.831897
-30.0,25,200.831897
0.0,25,200.916557
0.0,25,200.916557
0.0,25,200.916557
0.0,25,200.916557
0.0,25,201.008545
0.0,25,201.008545
0.0,25,201.008545
0.0,25,201.008545
40.0,25,201.086458
40.0,25,201.086458
40.0,25,201.086458
-48.130726,25,201.086458
30.0,25,201.160754
30.0,25,201.160754
30.0,25,201.160754
-30.164955,25,201.160754
0.0,25,201.234801
0.0,25,201.234801
0.0,25,201.234801
-30.970533,25,201.234801
0.0,25,201.301906
0.0,25,201.301906
0.0,25,201.301906
-14.25821,25,201.301906
0.0,25,201.366923
0.0,25,201.366923
0.0,25,201.366923
-23.855621,25,201.366923
0.0,25,201.44572
0.0,25,201.44572
0.0,25,201.44572
-6.776301,25,201.44572
0.0,25,201.525272
0.0,25,201.525272
0.0,25,201.525272
0.0,25,201.525272
20.0,25,201.603114
20.0,25,201.603114
20.0,25,201.603114
-20.0,25,201.603114
10.0,25,201.672197
10.0,25,201.672197
10.0,25,201.672197
-19.187502,25,201.672197
20.0,25,201.773457
20.0,25,201.773457
20.0,25,201.773457
-28.008968,25,201.773457
0.0,25,201.848311
0.0,25,201.848311
0.0,25,201.848311
0.0,25,201.848311
0.0,25,201.94236
0.0,25,201.94236
0.0,25,201.94236
-5.2875533,25,201.94236
10.0,25,202.025571
10.0,25,202.025571
10.0,25,202.025571
-10.0,25,202.025571
0.0,25,202.118396
0.0,25,202.118396
0.0,25,202.118396
-0.33392575,25,202.118396
20.0,25,202.207414
20.0,25,202.207414
20.0,25,202.207414
-20.0,25,202.207414
30.0,25,202.32301
30.0,25,202.32301
30.0,25,202.32301
-30.0,25,202.32301
40.0,25,202.418352
40.0,25,202.418352
40.0,25,202.418352
-40.0,25,202.418352
0.0,25,202.508422
0.0,25,202.508422
0.0,25,202.508422
0.0,25,202.508422
30.0,25,202.588402
30.0,25,202.588402
30.0,25,202.588402
-30.329895,25,202.588402
0.0,25,202.672066
0.0,25,202.672066
0.0,25,202.672066
0.0,25,202.672066
30.0,25,202.748067
30.0,25,202.748067
30.0,25,202.748067
-30.0,25,202.748067
0.0,25,202.824144
0.0,25,202.824144
0.0,25,202.824144
-1.4363439,25,202.824144
0.0,25,202.905162
0.0,25,202.905162
0.0,25,202.905162
0.0,25,202.905162
0.0,25,202.989791
0.0,25,202.989791
0.0,25,202.989791
-1.3772798,25,202.989791
80.0,25,203.070346
80.0,25,203.070346
80.0,25,203.070346
-80.62553,25,203.070346
0.0,25,203.161227
0.0,25,203.161227
0.0,25,203.161227
0.0,25,203.161227
